channel_title,channel_id,publishedAt,subscriberCount,videoCount,viewCount,timestamp
CaseyNeistat,UCtinbF-Q-fVthA0qrFQTgXQ,2010-02-15T22:06:07.000Z,11128706,1004,2542939810,2019-04-07 15:04:37.084647
LastWeekTonight,UC3XTzVzaHQEd30rQbuvCtTQ,2014-03-18T17:41:39.000Z,6907326,266,1926370850,2019-04-07 15:04:38.157202
Rudy Mancuso,,,0,0,0,2019-04-07 15:04:39.206718
Good Mythical Morning,,,0,0,0,2019-04-07 15:04:40.252430
nigahiga,UCSAUGyc_xA8uYzaIVG6MESQ,2006-07-21T01:40:43.000Z,21342603,366,4027622255,2019-04-07 15:04:41.342968
iJustine,UCey_c7U86mJGz1VJWH5CYPA,2006-05-07T06:38:19.000Z,5806278,1762,1012671077,2019-04-07 15:04:42.408555
Saturday Night Live,,,0,0,0,2019-04-07 15:04:43.461029
CrazyRussianHacker,UCe_vXdMrHHseZ_esYUskSBw,2012-05-18T19:29:15.000Z,11048571,1318,2556134714,2019-04-07 15:04:44.539506
20th Century Fox,,,0,0,0,2019-04-07 15:04:45.579956
Vox,UChLyPHlJ83Qt0-Pau1Cf5tQ,2014-01-08T10:24:55.000Z,802,6,11206,2019-04-07 15:04:46.677350
NFL,UCDVYQ4Zhbm3S2dlz7P1GBDg,2014-12-14T02:07:35.000Z,4738514,15821,2841916788,2019-04-07 15:04:47.744736
amc,UCmWyesNAlftV3kJlFhD6q6w,2005-09-21T17:46:17.000Z,721759,3685,300821607,2019-04-07 15:04:48.820237
marshmello,,,0,0,0,2019-04-07 15:04:49.877019
NowThis World,,,0,0,0,2019-04-07 15:04:50.913478
The king of DIY,,,0,0,0,2019-04-07 15:04:51.966232
BostonDynamics,UC7vVhkEfw4nOGp8TyDk7RcQ,2008-07-06T12:28:20.000Z,1228033,36,271798155,2019-04-07 15:04:53.055554
Cracked,UCjD2KyAEm84yVH8cTilID7Q,2006-02-08T22:07:44.000Z,2432190,1717,839908296,2019-04-07 15:04:54.127868
TED-Ed,,,0,0,0,2019-04-07 15:04:55.163892
PeterSripol,,,0,0,0,2019-04-07 15:04:56.217367
SciShow,UCZYTClx2T1of7BRZ86-8fow,2011-10-20T16:11:13.000Z,5661289,1909,1001601740,2019-04-07 15:04:57.306564
Life Noggin,,,0,0,0,2019-04-07 15:04:58.346324
Tested,,,0,0,0,2019-04-07 15:04:59.393736
Tom Scott,,,0,0,0,2019-04-07 15:05:00.631827
Refinery29,,,0,0,0,2019-04-07 15:05:01.679663
Gus Johnson,,,0,0,0,2019-04-07 15:05:02.730233
HellthyJunkFood,UCY1Yc3xA1aY0lqnKUTDTi7A,2013-01-26T16:31:42.000Z,2052599,595,401441875,2019-04-07 15:05:03.798078
Numberphile,UCoxcjq-8xIDTYp3uz647V5A,2011-09-15T12:45:01.000Z,2859040,517,397567146,2019-04-07 15:05:04.862429
JerryRigEverything,UCWFKCr40YwOZQx8FHU_ZqqQ,2012-07-23T07:07:54.000Z,3478206,652,572473667,2019-04-07 15:05:05.953163
Cleveland Cavaliers on cleveland.com,,,0,0,0,2019-04-07 15:05:07.000750
FaeryInLoveInc,UCaHVwUuDYYMYs_3xggHGufQ,2007-06-11T04:12:19.000Z,38,0,0,2019-04-07 15:05:08.097046
hp_overload,,,0,0,0,2019-04-07 15:05:09.136015
Amazon.co.uk,,,0,0,0,2019-04-07 15:05:10.197713
EminemVEVO,UC20vb-R_px4CguHzzBPhoyQ,2009-05-12T05:27:52.000Z,26310151,84,12906641905,2019-04-07 15:05:11.270904
officer401,UCH8HxtIoKOmG4WekL8u0sAA,2006-12-15T15:01:47.000Z,544138,226,51399076,2019-04-07 15:05:12.346284
Emirates,UCJ6jdm9qTla9Lp3Jf-TPwbg,2006-03-02T17:51:46.000Z,476965,645,172018807,2019-04-07 15:05:13.406058
Nobrand,UCA-G_2lSDE1GE2W17DlUXmg,2006-07-19T22:49:01.000Z,0,0,0,2019-04-07 15:05:14.486849
Screen Junkies,,,0,0,0,2019-04-07 15:05:15.531817
Hunter Hayes,,,0,0,0,2019-04-07 15:05:16.564851
Niki and Gabi,,,0,0,0,2019-04-07 15:05:17.601197
Nickelback,,,0,0,0,2019-04-07 15:05:18.753341
U2VEVO,UCpd21W3qWyzIl8-PXvyDA2g,2009-05-12T05:29:46.000Z,1049616,100,1214232822,2019-04-07 15:05:19.824994
BBC News,,,0,0,0,2019-04-07 15:05:20.866562
Ben Rohrbach,,,0,0,0,2019-04-07 15:05:21.898940
MatthewSantoro,UCXhSCMRRPyxSoyLSPFxK7VA,2010-02-13T16:06:08.000Z,6334694,825,1315105415,2019-04-07 15:05:22.980971
Shawn Johnson East,,,0,0,0,2019-04-07 15:05:24.023060
dope2111,UC_GvMVffgctSISDkeWlKhXQ,2009-06-29T06:22:47.000Z,5726980,231,1582616465,2019-04-07 15:05:25.113155
People are Awesome,,,0,0,0,2019-04-07 15:05:26.149590
NBA Highlights · YouTube,,,0,0,0,2019-04-07 15:05:27.202835
D3sports.com,,,0,0,0,2019-04-07 15:05:28.250112
FBE,,,0,0,0,2019-04-07 15:05:29.310966
Simply Nailogical,,,0,0,0,2019-04-07 15:05:35.357382
CBS Sunday Morning,,,0,0,0,2019-04-07 15:05:36.428681
WWE,UC2Oxk5J24C1gYhDWpRDNPlw,2005-08-28T18:30:11.000Z,390800,1547,121716394,2019-04-07 15:05:37.593938
JenniferLopezVEVO,UCx1f1u4XlFFr0YgqF3wB4lQ,2009-09-02T23:35:13.000Z,7296764,100,6168745515,2019-04-07 15:05:38.659284
Grace Helbig,,,0,0,0,2019-04-07 15:05:39.690960
The Graham Norton Show,,,0,0,0,2019-04-07 15:05:40.741576
Kevin Durant,,,0,0,0,2019-04-07 15:05:41.798933
JimBrowski 96HourNews,,,0,0,0,2019-04-07 15:05:42.834484
ViralHog,UC1TVad23aKn9UH8UXKvb29Q,2011-12-09T11:42:14.000Z,148,11,215031,2019-04-07 15:05:43.912534
Jeremy Jahns,,,0,0,0,2019-04-07 15:05:44.945593
Jonathan Morrison,,,0,0,0,2019-04-07 15:05:46.007961
TIME,UC0ZAg1KNrZh8jo47Cj_ah4Q,2005-11-30T15:59:10.000Z,0,0,0,2019-04-07 15:05:47.134067
YouTube Spotlight,,,0,0,0,2019-04-07 15:05:48.175755
GEazyMusicVEVO,UCjjC1Jk_1o1VWpLalgo21XQ,2014-04-25T19:53:03.000Z,3959283,116,2735542728,2019-04-07 15:05:49.249654
U.S. Navy,,,0,0,0,2019-04-07 15:05:50.300466
IGN,UC5YfR2K_rXeIy7bseOKky6Q,2006-03-01T19:54:48.000Z,1274,0,0,2019-04-07 15:05:51.396639
Safiya Nygaard,,,0,0,0,2019-04-07 15:05:52.437973
Lele Pons,,,0,0,0,2019-04-07 15:05:53.484407
INSIDER,,,0,0,0,2019-04-07 15:05:54.532160
John Lewis,,,0,0,0,2019-04-07 15:05:55.578960
Ed Sheeran,,,0,0,0,2019-04-07 15:05:56.615026
Sara Dietschy,,,0,0,0,2019-04-07 15:05:57.658456
MeganBatoon,UCV-s8itWCK3yeCppmSYxtVA,2010-12-13T18:38:06.000Z,1064904,386,80433586,2019-04-07 15:05:58.742598
John Campea,,,0,0,0,2019-04-07 15:05:59.787467
fosterthepeopleVEVO,UC-lkm1huv9jCUH28E7cKmew,2011-01-10T17:45:13.000Z,1531463,74,916339695,2019-04-07 15:06:00.882644
Watch What Happens Live with Andy Cohen,,,0,0,0,2019-04-07 15:06:01.938344
Mayo Clinic,,,0,0,0,2019-04-07 15:06:02.986190
Jason Derulo,,,0,0,0,2019-04-07 15:06:04.033014
The Late Late Show with James Corden,,,0,0,0,2019-04-07 15:06:05.074028
cocheusadoooo,UCVwfBTDTmVokWadp1PFRBBw,2011-03-02T02:34:12.000Z,1835,18,3330904,2019-04-07 15:06:06.164679
Amber Scholl,,,0,0,0,2019-04-07 15:06:07.211456
John Maclean,,,0,0,0,2019-04-07 15:06:08.252263
Bon Appétit,,,0,0,0,2019-04-07 15:06:09.290840
ABC News,,,0,0,0,2019-04-07 15:06:10.334207
mayratouchofglam,UCdYIfA_OTih2--tbcKO0b5g,2012-09-13T05:58:16.000Z,2069167,375,165974444,2019-04-07 15:06:11.393637
BuzzFeed Celeb,,,0,0,0,2019-04-07 15:06:12.451680
Zero Media,,,0,0,0,2019-04-07 15:06:13.488242
CMAVEVO,,,0,0,0,2019-04-07 15:06:14.523677
Alan Walker,,,0,0,0,2019-04-07 15:06:15.561696
SUPERFRUIT,,,0,0,0,2019-04-07 15:06:16.621093
Saint Louis Chess Club,,,0,0,0,2019-04-07 15:06:17.658872
ABC Television Network,,,0,0,0,2019-04-07 15:06:18.696244
Animal Adventure Park,,,0,0,0,2019-04-07 15:06:19.751537
HowToBasic,UCR4s1DE9J4DHzZYXMltSMAg,2011-12-08T10:47:20.000Z,13107761,493,2132406862,2019-04-07 15:06:20.832483
CinemaSins,UCYUQQgogVeQY8cMQamhHJcg,2012-12-11T20:22:33.000Z,8343858,715,2645944516,2019-04-07 15:06:21.912905
kimbramusic,UCxUp7o-KYIygfaw4UOZ8ebQ,2010-09-28T01:00:38.000Z,266046,108,85178362,2019-04-07 15:06:22.984296
Capital FM,,,0,0,0,2019-04-07 15:06:24.040739
Hope For Paws - Official Rescue Channel,,,0,0,0,2019-04-07 15:06:25.084128
IISuperwomanII,UCfm4y4rHF5HGrSr-qbvOwOg,2010-10-29T06:29:13.000Z,14643339,775,3022618406,2019-04-07 15:06:26.150953
Hopeless Records,,,0,0,0,2019-04-07 15:06:27.193979
Rachel and Jun,,,0,0,0,2019-04-07 15:06:28.245103
BBC Music,,,0,0,0,2019-04-07 15:06:29.285685
Late Night with Seth Meyers,,,0,0,0,2019-04-07 15:06:30.328103
H&M,,,0,0,0,2019-04-07 15:06:31.374500
CamilaCabelloVEVO,,,0,0,0,2019-04-07 15:06:32.426180
Liza Koshy,,,0,0,0,2019-04-07 15:06:33.475401
TheEllenShow,UCp0hYYBW6IMayGgR-WeoCvQ,2006-11-21T04:53:43.000Z,31682907,10092,15403231573,2019-04-07 15:06:34.556023
clothesencounters,UCgWfS_47YPVbKx5EK4FLm4A,2010-03-01T05:15:41.000Z,2396226,639,248910042,2019-04-07 15:06:35.631220
FoxSearchlight,UCor9rW6PgxSQ9vUPWQdnaYQ,2006-05-15T18:12:33.000Z,276933,1428,578492309,2019-04-07 15:06:36.704170
LukeBryanVEVO,UCteMJzhMoMh1-WN6d2u6NEg,2010-03-17T20:32:05.000Z,1644763,77,1384144159,2019-04-07 15:06:37.797843
NiallHoranVEVO,,,0,0,0,2019-04-07 15:06:38.845914
empireofthesunvevo,UCGMTsjL8kDqIuYlRcFhda1g,2010-06-10T04:52:03.000Z,255158,56,305790420,2019-04-07 15:06:39.970809
NFVEVO,UCI3H1FsjbdqGcLq93ZilV5g,2014-02-10T21:57:48.000Z,1655111,58,990357585,2019-04-07 15:06:41.060067
Marques Brownlee,,,0,0,0,2019-04-07 15:06:42.114277
Atlantic Records,,,0,0,0,2019-04-07 15:06:43.159006
MsAaliyahJay,UCneR_qQ1NE_u9neBSEJJ7lg,2011-11-16T01:43:53.000Z,1262114,268,89270997,2019-04-07 15:06:44.245556
Danny Sapko,,,0,0,0,2019-04-07 15:06:45.287642
Vogue,UCZ8TREbPfawhSvayVe5pqKg,2005-10-05T19:02:28.000Z,695402,311,99501183,2019-04-07 15:06:46.352873
Michelle Khare,,,0,0,0,2019-04-07 15:06:47.393826
Full Frontal with Samantha Bee,,,0,0,0,2019-04-07 15:06:48.429655
Nicole Guerriero,,,0,0,0,2019-04-07 15:06:49.494895
The Late Show with Stephen Colbert,,,0,0,0,2019-04-07 15:06:50.531983
Jimmy Kimmel Live,,,0,0,0,2019-04-07 15:06:51.587304
SuperCarlinBrothers,UCKZo4N0lVPccBkSiuyVh4yg,2012-04-23T23:16:23.000Z,1953302,871,430706229,2019-04-07 15:06:52.656871
SiaVEVO,UCmKdSrwf1e8coqAzUsrVHZw,2009-05-12T05:29:21.000Z,10407624,98,7571948062,2019-04-07 15:06:53.725484
Business Insider,,,0,0,0,2019-04-07 15:06:54.767409
2CELLOS,,,0,0,0,2019-04-07 15:06:55.819212
theneedledrop,UCt7fwAhXDy3oNFTAzF2o8Pw,2009-01-21T05:50:41.000Z,1795752,2898,447736584,2019-04-07 15:06:56.881937
Simon's Cat,,,0,0,0,2019-04-07 15:06:57.924563
Andy Grammer,,,0,0,0,2019-04-07 15:06:58.962318
RemyMaVEVO,UCvNnDoK1N5_dP6J_EtMsd7w,2009-05-12T05:29:09.000Z,124857,9,44159394,2019-04-07 15:07:00.046249
Nintendo,UCGIY_O-8vW4rfX98KlMkvRg,2005-12-27T13:18:56.000Z,5416941,3433,1679427037,2019-04-07 15:07:01.124353
Dina Tokio,,,0,0,0,2019-04-07 15:07:02.166175
Team Coco,,,0,0,0,2019-04-07 15:07:03.204636
PitbullVEVO,UCVWA4btXTFru9qM06FceSag,2009-05-12T05:29:04.000Z,10029302,194,7741800526,2019-04-07 15:07:04.298977
Late Show with David Letterman,,,0,0,0,2019-04-07 15:07:05.343582
Alicia Keys,,,0,0,0,2019-04-07 15:07:06.386108
ElbowVEVO,UCmOFHvCruXt5NJmxS8HPoaA,2009-05-12T05:27:51.000Z,34393,56,28240580,2019-04-07 15:07:07.484965
MDNA SKIN,,,0,0,0,2019-04-07 15:07:08.534112
poofables,UCFL0FILdbQIxyer-oeurYKg,2006-06-09T17:01:40.000Z,36,5,165254,2019-04-07 15:07:09.617422
SigridVEVO,,,0,0,0,2019-04-07 15:07:10.666784
MOMOMOYOUTHVEVO,UCtGsfvj155zp8maBFng9hHg,2013-05-29T00:29:59.000Z,826846,59,316264551,2019-04-07 15:07:11.813877
TheScriptVEVO,UCafVZzwtU8XUWbXGs4LYtdg,2009-10-15T19:13:04.000Z,2485482,111,1481621033,2019-04-07 15:07:12.887221
Brothers Green Eats,,,0,0,0,2019-04-07 15:07:13.923729
Netflix,,,0,0,0,2019-04-07 15:07:14.976621
Abroad in Japan,,,0,0,0,2019-04-07 15:07:16.023420
Tucker Gott,,,0,0,0,2019-04-07 15:07:17.069489
Nahre Sol,,,0,0,0,2019-04-07 15:07:18.114254
ThirtySecondsToMarsVEVO,,,0,0,0,2019-04-07 15:07:19.157300
HarryStylesVEVO,UCsVnVN3mdUQCT8AuZ405d9w,2011-08-22T12:32:45.000Z,473,0,0,2019-04-07 15:07:20.303051
Wong Fu Productions,,,0,0,0,2019-04-07 15:07:21.365206
Keith Urban,,,0,0,0,2019-04-07 15:07:22.405735
Maroon5VEVO,UCN1hnUccO4FD5WfM7ithXaw,2009-05-12T05:28:41.000Z,15507427,114,12546099421,2019-04-07 15:07:23.487741
X Factor Italia,,,0,0,0,2019-04-07 15:07:24.519058
Tyler Williams,,,0,0,0,2019-04-07 15:07:25.563206
Stewart Brand,,,0,0,0,2019-04-07 15:07:26.619417
Chris and Jack,,,0,0,0,2019-04-07 15:07:27.653815
The School of Life,,,0,0,0,2019-04-07 15:07:28.700612
E! Entertainment,,,0,0,0,2019-04-07 15:07:29.741823
Whitney Port,,,0,0,0,2019-04-07 15:07:30.782871
90s Commercials,,,0,0,0,2019-04-07 15:07:31.837425
Breakfast Club Power 105.1 FM,,,0,0,0,2019-04-07 15:07:32.875608
Enter Shikari,,,0,0,0,2019-04-07 15:07:33.936929
Caterham Cars,,,0,0,0,2019-04-07 15:07:34.970614
PostmodernJukebox,,,0,0,0,2019-04-07 15:07:36.023046
PinkVEVO,UCXJDX1KK6t121Z9FLhu5o2A,2009-05-12T05:29:03.000Z,7543805,124,4507999087,2019-04-07 15:07:37.101089
Tamar Chronicles,,,0,0,0,2019-04-07 15:07:38.135637
Kitten Lady,,,0,0,0,2019-04-07 15:07:39.182417
Guinness World Records,,,0,0,0,2019-04-07 15:07:40.240972
Blockbuster,UC_uwk2Tlyat1X0WpIj2y_2g,2006-02-24T23:00:41.000Z,110,2,839,2019-04-07 15:07:41.377925
TrainVEVO,UC5e_2fVZJ2heCb799A04AtA,2009-10-15T19:13:16.000Z,961859,85,880847800,2019-04-07 15:07:42.469636
Christen Dominique,,,0,0,0,2019-04-07 15:07:43.517644
James Charles,,,0,0,0,2019-04-07 15:07:44.553999
FreeDawkins,,,0,0,0,2019-04-07 15:07:45.614538
The Infographics Show,,,0,0,0,2019-04-07 15:07:46.655514
Jenny Hanell,,,0,0,0,2019-04-07 15:07:47.693699
PetaPixel,UCkkhuzI6klpeII98hikpKWg,2008-07-16T18:53:51.000Z,1,0,0,2019-04-07 15:07:48.818621
RM Videos,,,0,0,0,2019-04-07 15:07:49.853363
BrianJustinCrum,,,0,0,0,2019-04-07 15:07:50.912389
CupcakeJemma,UCoMum0pwewO8_WtTlUQxGHw,2013-06-25T10:07:12.000Z,1489483,345,128303636,2019-04-07 15:07:51.969904
Anaki Abo,,,0,0,0,2019-04-07 15:07:53.008452
Katy Perry,,,0,0,0,2019-04-07 15:07:54.064451
I'm With Her,,,0,0,0,2019-04-07 15:07:55.107686
Zoella,,,0,0,0,2019-04-07 15:07:56.149939
Storyful News,,,0,0,0,2019-04-07 15:07:57.193582
Tu Fan,,,0,0,0,2019-04-07 15:07:58.255978
MyHarto,UCJQL1Fai-9GlVunsbP4x8Pg,2009-06-05T06:28:12.000Z,2471689,649,319433838,2019-04-07 15:07:59.333786
Chicago Sun-Times,,,0,0,0,2019-04-07 15:08:00.367340
PhilPhillipsVEVO,UCqFqC-qFh6NGDJlx4qU4Tzw,2012-07-03T01:22:04.000Z,458594,28,167781375,2019-04-07 15:08:01.578025
Tati,,,0,0,0,2019-04-07 15:08:02.624011
Ozuna,,,0,0,0,2019-04-07 15:08:03.689238
Madelaine Petsch,,,0,0,0,2019-04-07 15:08:04.725123
Steve Kovach,,,0,0,0,2019-04-07 15:08:05.756580
ESPN,UCiWLfSweyRNmLpgEHekhoAg,2005-10-31T23:34:22.000Z,4848290,20362,2914231580,2019-04-07 15:08:06.823064
LetsGoWarriors,,,0,0,0,2019-04-07 15:08:07.873043
KSNV News 3 Las Vegas,,,0,0,0,2019-04-07 15:08:08.905414
Sailor J,,,0,0,0,2019-04-07 15:08:09.952213
WIRED,UCftwRNsjfRo08xYE31tkiyw,2005-09-23T03:09:26.000Z,3914441,2807,1098543307,2019-04-07 15:08:11.031505
HiHo Kids,,,0,0,0,2019-04-07 15:08:12.064176
ElectroBOOM,,,0,0,0,2019-04-07 15:08:13.110962
Brent Pella,,,0,0,0,2019-04-07 15:08:14.150086
Cards Against Humanity,,,0,0,0,2019-04-07 15:08:15.188252
The Slow Mo Guys,,,0,0,0,2019-04-07 15:08:16.231772
TechSmartt,UCpT9kL2Eba91BB9CK6wJ4Pg,2010-12-29T01:46:06.000Z,3370468,1064,564841896,2019-04-07 15:08:17.304313
JunsKitchen,UCRxAgfYexGLlu1WHGIMUDqw,2012-11-12T02:38:12.000Z,3486150,25,194349099,2019-04-07 15:08:18.366256
Attaullah Malik,,,0,0,0,2019-04-07 15:08:19.413008
The Tonight Show Starring Jimmy Fallon,,,0,0,0,2019-04-07 15:08:20.456247
Anwar Jibawi,,,0,0,0,2019-04-07 15:08:21.488265
Washington Post,,,0,0,0,2019-04-07 15:08:22.530528
Dolan Twins,,,0,0,0,2019-04-07 15:08:23.563887
Jackie Aina,,,0,0,0,2019-04-07 15:08:24.601551
TV Promos,,,0,0,0,2019-04-07 15:08:25.646956
Taylor Swift,,,0,0,0,2019-04-07 15:08:26.693435
ProZD,UC6MFZAOHXlKK1FI7V0XQVeA,2006-05-16T19:32:51.000Z,1862696,1133,483757763,2019-04-07 15:08:27.777833
REACT,UCHEf6T_gVq4tlW5i91ESiWg,2013-07-30T10:19:47.000Z,11054174,1598,3562477887,2019-04-07 15:08:28.858892
First We Feast,,,0,0,0,2019-04-07 15:08:29.904994
Brian Hull,,,0,0,0,2019-04-07 15:08:30.983017
William Osman,,,0,0,0,2019-04-07 15:08:32.023960
Access Hollywood,,,0,0,0,2019-04-07 15:08:33.078889
emma chamberlain,,,0,0,0,2019-04-07 15:08:34.121365
Now You See It,,,0,0,0,2019-04-07 15:08:35.166148
Dancing With The Stars,,,0,0,0,2019-04-07 15:08:36.217749
Summit,UCN25UziqiH2Xnd51FRWXk5Q,2005-11-29T12:39:09.000Z,23,0,0,2019-04-07 15:08:37.298408
reputationswift,,,0,0,0,2019-04-07 15:08:38.349973
DunkFest,UCoPtIvWD4IKLXb67m6Qpm8g,2006-07-02T03:51:17.000Z,7,1,9076,2019-04-07 15:08:39.456272
Cut,,,0,0,0,2019-04-07 15:08:40.506883
The Scran Line,,,0,0,0,2019-04-07 15:08:41.567867
MattMasonPhotography,UC5NuaA6wTMEi9nsd8wmd1Qg,2009-11-16T19:01:05.000Z,123,75,251377,2019-04-07 15:08:42.671418
Vanity Fair,,,0,0,0,2019-04-07 15:08:43.704155
Red Bull,,,0,0,0,2019-04-07 15:08:44.751941
BBCRadio1VEVO,UCKoafhJ9dkAWaEvlXCiBBwA,2015-10-26T12:45:03.000Z,1792932,515,584326537,2019-04-07 15:08:45.818156
Mark Ferris,,,0,0,0,2019-04-07 15:08:46.859135
todrickhall,UC1VYb0EKcZuy9rG3q0VR57Q,2006-05-27T08:30:06.000Z,3060030,566,622628360,2019-04-07 15:08:47.924100
Donut Media,,,0,0,0,2019-04-07 15:08:48.957557
Eater,UC6kiEQfHFfAo96jvIP-MT9w,2006-01-24T03:39:39.000Z,53,2,6586,2019-04-07 15:08:50.090517
HANSON,,,0,0,0,2019-04-07 15:08:51.145260
Frank May,,,0,0,0,2019-04-07 15:08:52.189321
NBA on ESPN,,,0,0,0,2019-04-07 15:08:53.240436
SIRAH,UC7txVvO1gwmiBGbq_u6h0lQ,2006-02-18T01:55:12.000Z,14,1,41,2019-04-07 15:08:54.380275
ScreenPrism,,,0,0,0,2019-04-07 15:08:55.431373
Valk Aviation,,,0,0,0,2019-04-07 15:08:56.473024
Shantell Martin,,,0,0,0,2019-04-07 15:08:57.516350
Gregg Peterson,,,0,0,0,2019-04-07 15:08:58.560608
Estée Lalonde,,,0,0,0,2019-04-07 15:08:59.594693
Canada Soccer,,,0,0,0,2019-04-07 15:09:00.641516
WLKY News Louisville,,,0,0,0,2019-04-07 15:09:01.687867
The Office US,,,0,0,0,2019-04-07 15:09:02.734617
Entertainment Weekly,,,0,0,0,2019-04-07 15:09:03.782278
12 News,,,0,0,0,2019-04-07 15:09:04.820926
Bkav Corp,,,0,0,0,2019-04-07 15:09:05.855366
Daelric,,,0,0,0,2019-04-07 15:09:06.917791
"monday.com, formerly dapulse",,,0,0,0,2019-04-07 15:09:07.950888
GQ,,,0,0,0,2019-04-07 15:09:09.006896
TMZSports,UCE3yf1AcIlXdps2EYbq3lzw,2013-09-25T03:50:59.000Z,526919,8230,547219177,2019-04-07 15:09:10.085376
Caters Clips,,,0,0,0,2019-04-07 15:09:11.130949
You Suck At Cooking,,,0,0,0,2019-04-07 15:09:12.174077
Tanner Braungardt,,,0,0,0,2019-04-07 15:09:13.210419
iHasCupquake,UCqg2eLFNUu3QN3dttNeOWkw,2010-08-20T04:33:17.000Z,6572109,4156,2670566096,2019-04-07 15:09:14.290697
FallOutBoyVEVO,UCe3I9BAVCzf9oACYU1EtrxA,2009-05-12T05:27:55.000Z,3741178,175,1848862141,2019-04-07 15:09:15.381615
alt-J,,,0,0,0,2019-04-07 15:09:16.428444
Demi Lovato,,,0,0,0,2019-04-07 15:09:17.472429
Matthias,,,0,0,0,2019-04-07 15:09:18.531122
Movie Munchies,,,0,0,0,2019-04-07 15:09:19.577898
Fueled By Ramen,,,0,0,0,2019-04-07 15:09:20.615846
Mental Floss,,,0,0,0,2019-04-07 15:09:21.662620
Pixielocks,UCE60OMKEc07ZIFGIepIiJJw,2007-05-12T16:47:22.000Z,6,10,4833,2019-04-07 15:09:22.818774
SHOWTIME Sports,,,0,0,0,2019-04-07 15:09:23.878165
Cody'sLab Backup,,,0,0,0,2019-04-07 15:09:24.921675
Paramount Pictures,,,0,0,0,2019-04-07 15:09:25.968482
Atlanta Hawks,,,0,0,0,2019-04-07 15:09:27.021717
NBA,UCWJ2lWNubArHWmf3FIHbfcQ,2005-11-21T01:20:33.000Z,11097127,30481,5494590635,2019-04-07 15:09:28.099815
ColliderVideos,UCWvMmm_sSdgALpo1Ci4WvtQ,2007-02-04T02:57:04.000Z,545610,8567,452363837,2019-04-07 15:09:29.165588
Jenny Nicholson,,,0,0,0,2019-04-07 15:09:30.210497
Big Cat Rescue,,,0,0,0,2019-04-07 15:09:31.254490
RachelPlattenVEVO,UCG-8AlopydqubtQLoNoqXLQ,2015-02-17T18:55:37.000Z,1155681,52,635431167,2019-04-07 15:09:32.335625
standupmaths,UCSju5G2aFaWMqn-_0YBtq5A,2009-09-10T10:58:11.000Z,448966,148,45053952,2019-04-07 15:09:33.422616
Wendy Williams,,,0,0,0,2019-04-07 15:09:34.456573
VICE,UCn8zNIfYAQNdrFRrr8oibKw,2005-12-16T04:20:47.000Z,10950743,2617,2176828027,2019-04-07 15:09:35.537859
BBC Earth,,,0,0,0,2019-04-07 15:09:36.600283
BBC Radio 1,,,0,0,0,2019-04-07 15:09:37.646621
Rappler,,,0,0,0,2019-04-07 15:09:38.706444
Sarasota Police Department,,,0,0,0,2019-04-07 15:09:39.750623
Vostok.bike,,,0,0,0,2019-04-07 15:09:40.784996
GoDucksdotcom,UC6hQ7rJDFcr0to1nC4XVegQ,2011-11-02T15:09:43.000Z,43514,3768,21866519,2019-04-07 15:09:41.877150
Hybrid Network,,,0,0,0,2019-04-07 15:09:42.922261
Mark Linsangan,,,0,0,0,2019-04-07 15:09:43.983487
LOFTON SHAW,,,0,0,0,2019-04-07 15:09:45.030261
BellatorMMA,UCnkMTsKYqhHm6l6GQzg4szg,2009-03-16T20:39:11.000Z,385710,1718,113708172,2019-04-07 15:09:46.108313
New Scientist,,,0,0,0,2019-04-07 15:09:47.134659
Warner Bros. Pictures,,,0,0,0,2019-04-07 15:09:48.174187
LuisFonsiVEVO,UCLp8RBhQHu9wSsq62j_Md6A,2009-05-12T05:28:36.000Z,18356885,66,10612158532,2019-04-07 15:09:49.240634
Kurzgesagt – In a Nutshell,,,0,0,0,2019-04-07 15:09:50.279189
ibighit,UC3IZKseVpdzPSBaWxBxundA,2008-06-04T08:23:22.000Z,22838828,301,5079075589,2019-04-07 15:09:51.359773
jacksfilms,UCPcFg7aBbaVzXoIKSNqwaww,2006-06-27T03:02:27.000Z,4567273,1105,1999154493,2019-04-07 15:09:52.422715
The Talk,,,0,0,0,2019-04-07 15:09:53.457092
Austin Evans,,,0,0,0,2019-04-07 15:09:54.507169
The Verge,,,0,0,0,2019-04-07 15:09:55.540294
MariahCareyVEVO,UClS0wn3LPs9jdX_yt2g1k8w,2009-05-12T05:28:40.000Z,3255334,176,3614188005,2019-04-07 15:09:56.631510
CollegeHumor,UCPDXXXJj9nax0fr0Wfc048g,2006-10-09T14:14:10.000Z,13333841,3370,6901487032,2019-04-07 15:09:57.705078
Chris Stuckmann,,,0,0,0,2019-04-07 15:09:58.741730
MassLive,,,0,0,0,2019-04-07 15:09:59.812228
Klossy,,,0,0,0,2019-04-07 15:10:00.874102
Björk,,,0,0,0,2019-04-07 15:10:01.925823
DJSnakeVEVO,UCGkSXL5saM8y3VvJD_PdMFQ,2014-01-27T17:49:09.000Z,6682732,25,3858319266,2019-04-07 15:10:03.007559
Butch Hartman,,,0,0,0,2019-04-07 15:10:04.069961
It's Okay To Be Smart,,,0,0,0,2019-04-07 15:10:05.112911
Major Lazer,,,0,0,0,2019-04-07 15:10:06.147722
Dua Lipa,,,0,0,0,2019-04-07 15:10:07.192211
Philadelphia 76ers,,,0,0,0,2019-04-07 15:10:08.240570
Jessii Vee,,,0,0,0,2019-04-07 15:10:09.272198
The Orchard Movies,,,0,0,0,2019-04-07 15:10:10.309423
Shmee150,UCIRgR4iANHI2taJdz8hjwLw,2006-07-07T01:16:05.000Z,1691271,3621,593330176,2019-04-07 15:10:11.378101
TODAY,,,0,0,0,2019-04-07 15:10:12.454326
Eric Strebel,,,0,0,0,2019-04-07 15:10:13.510159
Auralnauts,UCp1xCZ4ODNM2OJuKoBrghDA,2012-09-30T18:16:26.000Z,245183,122,60559282,2019-04-07 15:10:14.587186
60 Minutes,,,0,0,0,2019-04-07 15:10:15.638026
ChrisStapletonVEVO,UC_uPAFZghRvM1W89Rt-opZw,2011-11-21T19:50:21.000Z,585283,42,624013879,2019-04-07 15:10:16.762995
vlogbrothers,UCGaVdbSav8xWuFWTadK6loA,2007-01-02T01:04:26.000Z,3169226,1701,776254862,2019-04-07 15:10:17.834276
SMTOWN,UCEf_Bc-KVd7onSeifS3py9g,2006-03-18T15:43:10.000Z,18340711,3666,13704099980,2019-04-07 15:10:18.927961
Green Day,,,0,0,0,2019-04-07 15:10:19.972163
HaileeSteinfeldVEVO,UC7ttiY8KM99aLI79yHT6cAw,2015-04-06T18:05:43.000Z,2715940,41,1126455679,2019-04-07 15:10:21.046579
AsapSCIENCE,UCC552Sd-3nyi_tk2BudLUzA,2012-05-28T17:33:43.000Z,8547267,313,1216062647,2019-04-07 15:10:22.124384
K Yuen,,,0,0,0,2019-04-07 15:10:23.216180
Half as Interesting,,,0,0,0,2019-04-07 15:10:24.254382
RealLifeLore,,,0,0,0,2019-04-07 15:10:25.306466
Ultra Music,,,0,0,0,2019-04-07 15:10:26.346430
Shade 45,,,0,0,0,2019-04-07 15:10:27.380509
The Real Daytime,,,0,0,0,2019-04-07 15:10:28.421373
Matthias Wandel,,,0,0,0,2019-04-07 15:10:29.456517
Lauren Elizabeth,,,0,0,0,2019-04-07 15:10:30.502094
TimandFaithVEVO,,,0,0,0,2019-04-07 15:10:31.561898
Funny Or Die,,,0,0,0,2019-04-07 15:10:32.619312
Mayim Bialik,,,0,0,0,2019-04-07 15:10:33.694193
Lauv,UCpRkWgsen93nomCnx4ecJBw,2006-05-28T12:06:32.000Z,233,23,342175,2019-04-07 15:10:34.813971
Ranz Kyle,,,0,0,0,2019-04-07 15:10:35.866202
NBC News,,,0,0,0,2019-04-07 15:10:36.912986
Matt Steffanina,,,0,0,0,2019-04-07 15:10:37.945745
MisterWivesVEVO,UCwQIPsdr-FATQqJkXgQGNKw,2013-07-23T22:07:19.000Z,111676,34,35315238,2019-04-07 15:10:39.023281
YBF Chic,,,0,0,0,2019-04-07 15:10:40.070045
littleBits Electronics,,,0,0,0,2019-04-07 15:10:41.107617
Audience Network,,,0,0,0,2019-04-07 15:10:42.157142
Hot Dad,,,0,0,0,2019-04-07 15:10:43.233445
Disney•Pixar,,,0,0,0,2019-04-07 15:10:44.279245
SelenaGomezVEVO,UCjK8ORC71kwyj1DWFwril_A,2009-11-24T23:11:30.000Z,15455352,127,7063738322,2019-04-07 15:10:45.353840
Rosanna Pansino,,,0,0,0,2019-04-07 15:10:46.391961
Thomas Sanders,,,0,0,0,2019-04-07 15:10:47.424778
CrashRacing,,,0,0,0,2019-04-07 15:10:48.470764
Tasty,,,0,0,0,2019-04-07 15:10:49.531529
Nile Wilson,,,0,0,0,2019-04-07 15:10:50.568979
AnthonyPadilla,UCPJHQ5_DLtxZ1gzBvZE99_g,2006-11-28T08:56:20.000Z,3033618,142,117719713,2019-04-07 15:10:51.662655
Rclbeauty101,UCB0d0JLn1WcGYcwwZ87d2LA,2010-12-14T20:57:21.000Z,14059822,411,3292344938,2019-04-07 15:10:52.746651
Maddie Ziegler,,,0,0,0,2019-04-07 15:10:53.791608
Good Morning Britain,,,0,0,0,2019-04-07 15:10:54.833724
ToveLoVEVO,UC0sVahwZgKFHjOBaxvm-a7Q,2013-09-09T19:15:38.000Z,2324206,81,1430387396,2019-04-07 15:10:55.927101
ImagineDragonsVEVO,UCpx_k19S2vUutWUUM9qmXEg,2012-01-23T18:04:00.000Z,10523846,104,6736149285,2019-04-07 15:10:57.007547
ChloexHalleVEVO,UCFhhbIItPkfh4pckWIeOraA,2016-04-18T17:41:49.000Z,42294,20,11039199,2019-04-07 15:10:58.121867
NARLtv,,,0,0,0,2019-04-07 15:10:59.166169
Video Library,,,0,0,0,2019-04-07 15:11:00.218227
Single Shot,,,0,0,0,2019-04-07 15:11:01.265051
FlyFastandLow,,,0,0,0,2019-04-07 15:11:02.315241
Tegan and Sara,,,0,0,0,2019-04-07 15:11:03.376033
daronjay,UCqhytmYMdM1Gz3Ujdg28T0g,2006-11-28T11:25:48.000Z,11,6,13205,2019-04-07 15:11:04.531585
Taras Malyar,,,0,0,0,2019-04-07 15:11:05.570205
astroboy1960,UCJjueDXO59FAGb-o9xbC3ng,2006-10-22T15:00:36.000Z,320,12,1835107,2019-04-07 15:11:06.663849
Quad9 DNS,,,0,0,0,2019-04-07 15:11:07.697851
GinWigmoreVEVO,UCFUopht2bewGG8ph8ULCUUg,2009-05-12T05:28:02.000Z,50026,33,22066511,2019-04-07 15:11:08.770005
1theK (원더케이),,,0,0,0,2019-04-07 15:11:09.812780
Topi The Corgi,,,0,0,0,2019-04-07 15:11:10.874223
Disney Movie Trailers,,,0,0,0,2019-04-07 15:11:11.907463
Dwarf Mamba,,,0,0,0,2019-04-07 15:11:12.953068
Kitchen Nightmares,,,0,0,0,2019-04-07 15:11:13.999871
Just Wow me,,,0,0,0,2019-04-07 15:11:15.033505
ladygagaarraza,,,0,0,0,2019-04-07 15:11:16.093331
HBO,UCVTQuK2CaWaTgSsoNkn5AiQ,2006-05-17T17:10:46.000Z,1428083,6135,604608675,2019-04-07 15:11:17.166504
mvt.ias,,,0,0,0,2019-04-07 15:11:18.212810
AIA awards,,,0,0,0,2019-04-07 15:11:19.247370
Taylor Nicole Dean,,,0,0,0,2019-04-07 15:11:20.294403
USA TODAY,,,0,0,0,2019-04-07 15:11:21.328050
NOLA.com,,,0,0,0,2019-04-07 15:11:22.361992
BuzzFeed Nifty,,,0,0,0,2019-04-07 15:11:23.393757
Sam Chui,,,0,0,0,2019-04-07 15:11:24.426809
Tech Insider,,,0,0,0,2019-04-07 15:11:25.467590
MiguelVEVO,UCpOt14iqkbd6QjtBHicTXKQ,2010-05-10T18:43:51.000Z,901123,93,625035713,2019-04-07 15:11:26.547521
Tamika Hall,,,0,0,0,2019-04-07 15:11:27.594379
Matoma,,,0,0,0,2019-04-07 15:11:28.646022
JessieJVEVO,UCGej5zp_KWZ-b_1w4Rq2hyA,2010-11-03T18:20:59.000Z,6877685,77,3903668629,2019-04-07 15:11:29.740930
ParsonJamesVEVO,UCuoFcgCyu9c6vZO2sO7PF5w,2015-05-18T18:52:45.000Z,66137,21,17823355,2019-04-07 15:11:30.812531
Maggie Lindemann,,,0,0,0,2019-04-07 15:11:31.890550
Kevin Rabatin,,,0,0,0,2019-04-07 15:11:32.923868
FRANKIEmusicVEVO,UCHoSUtYcHhBMvXh7IciOAKw,2012-08-16T08:44:12.000Z,36,1,1058,2019-04-07 15:11:34.035996
Radovan Lazic,,,0,0,0,2019-04-07 15:11:35.076607
Duston Ward,,,0,0,0,2019-04-07 15:11:36.131648
Entertainment Tonight,,,0,0,0,2019-04-07 15:11:37.170894
Smosh,UCY30JRSgfhYXA6i6xX1erWg,2005-11-19T10:25:07.000Z,24231993,1042,8311182857,2019-04-07 15:11:38.254606
Bruno Mars,,,0,0,0,2019-04-07 15:11:39.309846
The Weather Channel,,,0,0,0,2019-04-07 15:11:40.362539
The View,,,0,0,0,2019-04-07 15:11:41.394907
ExplosmEntertainment,UCWXCrItCF6ZgXrdozUS-Idw,2009-09-03T19:43:36.000Z,9370950,513,2534958162,2019-04-07 15:11:42.485063
The Grand Tour,,,0,0,0,2019-04-07 15:11:43.547432
slaymeclarkson c:,,,0,0,0,2019-04-07 15:11:44.594774
Veritasium,UC-ImLFXGIe2FC4Wo5hOodnw,2009-09-30T15:28:22.000Z,1325,1,17590,2019-04-07 15:11:45.704092
Josh Groban,,,0,0,0,2019-04-07 15:11:46.738326
Billboard,UCe862_HmHa_rvTv6ueVvwyQ,2006-01-11T13:35:59.000Z,181,0,0,2019-04-07 15:11:47.861430
How to DAD,,,0,0,0,2019-04-07 15:11:48.905888
hudsonunionsociety,UCddKc3pzpVPLYdKf39ulrpQ,2009-01-02T15:33:09.000Z,8106,2753,11702803,2019-04-07 15:11:49.996429
WildTurkeyBourbon,,,0,0,0,2019-04-07 15:11:51.048825
Simon and Martina,,,0,0,0,2019-04-07 15:11:52.080125
AlishaMarie,UChJCmHO7pE8uNvUY8WjYETg,2006-06-04T09:40:42.000Z,146,0,0,2019-04-07 15:11:53.214919
Fleur DeForce,,,0,0,0,2019-04-07 15:11:54.256630
David Sistaro,,,0,0,0,2019-04-07 15:11:55.303476
Passenger,,,0,0,0,2019-04-07 15:11:56.353474
Mashed,UCCn62cYVpl0e_GN-yo1H9yQ,2005-11-02T20:27:25.000Z,1678488,313,398183752,2019-04-07 15:11:57.420490
emmymadeinjapan,UCzqbfYjQmf9nLQPMxVgPhiA,2010-11-11T07:08:15.000Z,1448795,1165,275026200,2019-04-07 15:11:58.511521
JoergSprave,UCVZlxkKqlvVqzRJXhAGq42Q,2008-04-08T09:49:51.000Z,2103067,731,335430405,2019-04-07 15:11:59.575188
Leroy Sanchez,,,0,0,0,2019-04-07 15:12:00.621934
Rob Andretti,,,0,0,0,2019-04-07 15:12:01.668788
Lindsey Stirling,,,0,0,0,2019-04-07 15:12:02.717502
Tom Stanton,,,0,0,0,2019-04-07 15:12:03.750678
Polyphonic,,,0,0,0,2019-04-07 15:12:04.798599
Freeform,UCwYQJp6qb2a-Dr--g5lkLgg,2005-10-13T18:12:24.000Z,69,0,0,2019-04-07 15:12:05.937251
BTS Videos,,,0,0,0,2019-04-07 15:12:07.030922
Binging with Babish,,,0,0,0,2019-04-07 15:12:08.076956
CBS This Morning,,,0,0,0,2019-04-07 15:12:09.112854
Peter McKinnon,,,0,0,0,2019-04-07 15:12:10.153695
The Voice,,,0,0,0,2019-04-07 15:12:11.205172
Hannah Stocking,,,0,0,0,2019-04-07 15:12:12.251826
Wendover Productions,,,0,0,0,2019-04-07 15:12:13.297424
Inanna Sarkis,,,0,0,0,2019-04-07 15:12:14.334489
ShawnMendesVEVO,,,0,0,0,2019-04-07 15:12:15.393379
NASA Jet Propulsion Laboratory,,,0,0,0,2019-04-07 15:12:16.429435
Tyler Oakley,,,0,0,0,2019-04-07 15:12:17.471741
Buttered Side Down,,,0,0,0,2019-04-07 15:12:18.518714
Doug Jones for Senate,,,0,0,0,2019-04-07 15:12:19.561028
YTN NEWS,,,0,0,0,2019-04-07 15:12:20.601571
ConnorFranta,UCudeRz9YntRrmKBSqnHyKGQ,2010-04-24T19:06:08.000Z,5439877,343,426748754,2019-04-07 15:12:21.679618
Alex Gilbert,,,0,0,0,2019-04-07 15:12:22.726419
Colleen Vlogs,,,0,0,0,2019-04-07 15:12:23.759992
CNN,UCupvZG-5ko_eiXAupbDfxWw,2005-10-02T16:06:36.000Z,6485900,144910,4502835199,2019-04-07 15:12:24.825171
Bob Przybylo,,,0,0,0,2019-04-07 15:12:25.858519
Marie McGann,,,0,0,0,2019-04-07 15:12:26.889840
Useless Duck Company,,,0,0,0,2019-04-07 15:12:27.936293
Adult Swim,,,0,0,0,2019-04-07 15:12:28.983095
Philip DeFranco,,,0,0,0,2019-04-07 15:12:30.032245
The King of Random,,,0,0,0,2019-04-07 15:12:31.066922
Carla Resendiz,,,0,0,0,2019-04-07 15:12:32.108529
UrAvgConsumer,UC9fSZHEh6XsRpX-xJc6lT3A,2012-01-01T23:54:16.000Z,2361480,742,262839415,2019-04-07 15:12:33.193917
Sufficiently Advanced,,,0,0,0,2019-04-07 15:12:34.234012
DemiLovatoVEVO,UCnyB9MYKRkSFK3IIB32CoVw,2009-05-12T05:27:44.000Z,11992590,165,4420993421,2019-04-07 15:12:35.311533
LadyGagaVEVO,UC07Kxew-cMIaykMOkzqHtBQ,2009-05-12T05:28:28.000Z,9355647,146,6904535713,2019-04-07 15:12:36.390283
Brat,UCkUYcyfYHZajWRW71Qkj2Fg,2005-11-10T21:02:46.000Z,38,2,172,2019-04-07 15:12:37.507675
Kandee Johnson,,,0,0,0,2019-04-07 15:12:38.539773
Nerdwriter1,UCJkMlOu7faDgqh4PfzbpLdg,2011-09-30T09:27:31.000Z,2491815,243,163185438,2019-04-07 15:12:39.615644
CAguileraVEVO,UClx2ih2Nx8enGmsMsA6C3BQ,2009-09-02T23:34:42.000Z,2587709,70,2298281960,2019-04-07 15:12:40.698371
Looper,UCHE7BxxTUp2n4ta3DwjJHxQ,2005-11-06T05:12:00.000Z,36,54,68116,2019-04-07 15:12:41.819214
Miranda Sings,,,0,0,0,2019-04-07 15:12:42.866020
Eva Lunde Bentley,,,0,0,0,2019-04-07 15:12:43.902141
PTXofficial,UCmv1CLT6ZcFdTJMHxaR9XeA,2011-09-10T17:09:59.000Z,16752088,179,3890051388,2019-04-07 15:12:44.974733
The Deal Guy,,,0,0,0,2019-04-07 15:12:46.009535
Yes Theory,,,0,0,0,2019-04-07 15:12:47.056657
DreamCastle_629,,,0,0,0,2019-04-07 15:12:48.094881
The Tommy Edison Experience,,,0,0,0,2019-04-07 15:12:49.141681
MyLifeAsEva,UCAoMPWcQKA_9Af5YhWdrZgw,2011-07-25T01:31:39.000Z,9725925,264,963110691,2019-04-07 15:12:50.227901
lara6683,UC11j-ApkeIcxSTFtBYBMq3g,2009-02-18T09:33:51.000Z,257648,498,37664266,2019-04-07 15:12:51.332518
Zendaya,UCh46y5nUI-h1k5t51qFyqqQ,2007-09-26T02:07:44.000Z,58,0,0,2019-04-07 15:12:52.476690
adidas Football,,,0,0,0,2019-04-07 15:12:53.524446
ScreenJunkies News,,,0,0,0,2019-04-07 15:12:54.562791
Portugal. The Man,,,0,0,0,2019-04-07 15:12:55.609581
chris lee,,,0,0,0,2019-04-07 15:12:56.649078
Kelly Clarkson,,,0,0,0,2019-04-07 15:12:57.695882
How To Cake It,,,0,0,0,2019-04-07 15:12:58.742681
The Hollywood Reporter,,,0,0,0,2019-04-07 15:12:59.788839
NickJonasVEVO,UCsQG1uamy9ydZrF79v16IBg,2010-01-05T04:41:09.000Z,2146092,84,863959691,2019-04-07 15:13:00.881101
CBS Miami,,,0,0,0,2019-04-07 15:13:01.937725
Voicebot,,,0,0,0,2019-04-07 15:13:02.985073
The Sports King,,,0,0,0,2019-04-07 15:13:04.024652
John Sellars,,,0,0,0,2019-04-07 15:13:05.074527
E! News,,,0,0,0,2019-04-07 15:13:06.121051
The Current Source,,,0,0,0,2019-04-07 15:13:07.158350
HACKADAY,UCnv0gfLQFNGPJ5MHSGuIAkw,2006-06-02T19:24:29.000Z,112572,760,13822174,2019-04-07 15:13:08.255033
Taylor Alexander,,,0,0,0,2019-04-07 15:13:09.297392
Apple,UCE_M8A5yxnLfW0KghEeajjw,2005-06-22T05:12:23.000Z,8525235,277,505005686,2019-04-07 15:13:10.375440
TheBackyardScientist,UC06E4Y_-ybJgBUMtXx8uNNw,2013-04-01T16:41:52.000Z,4264789,142,508111819,2019-04-07 15:13:11.457084
PB Comps,,,0,0,0,2019-04-07 15:13:12.498099
Chris Lee,,,0,0,0,2019-04-07 15:13:13.547629
Royal Academy of Arts,,,0,0,0,2019-04-07 15:13:14.586768
Spectrum Haleskarth,,,0,0,0,2019-04-07 15:13:15.624582
Milkmen Design,,,0,0,0,2019-04-07 15:13:16.724696
Masters Of The Sun,,,0,0,0,2019-04-07 15:13:17.771701
bigclivedotcom,UCtM5z2gkrGRuWd0JQMx76qA,2007-01-14T02:56:26.000Z,523563,1428,132860234,2019-04-07 15:13:18.838406
RAP DAILY,,,0,0,0,2019-04-07 15:13:19.882790
OK Go,,,0,0,0,2019-04-07 15:13:20.931836
Verizon,UCDF1rHyRH8LcxbHX5_mrZ0w,2005-10-23T02:48:06.000Z,209851,597,117810396,2019-04-07 15:13:22.007847
ELLEUKTV,UCxeOKL4PQYB5z_85dliQA_Q,2008-09-08T13:27:23.000Z,19917,307,10205004,2019-04-07 15:13:23.089207
DisneyMusicVEVO,UCgwv23FVv3lqh567yagXfNg,2010-05-20T13:09:24.000Z,12144566,785,7802878460,2019-04-07 15:13:24.172657
Kanimuna Kisaka,,,0,0,0,2019-04-07 15:13:25.209553
BehindTheSounds,UCTMuBI0UiH-ukAs0m6YFc-Q,2008-06-13T06:33:39.000Z,8722,10,3061338,2019-04-07 15:13:26.323717
It's a small world,,,0,0,0,2019-04-07 15:13:27.365784
ELLE,UC4IDNf0IQu0C0lZvdwIOi0g,2005-09-19T12:22:24.000Z,10336,312,3932279,2019-04-07 15:13:28.492530
Casually Explained,,,0,0,0,2019-04-07 15:13:29.546063
ThreadBanger,UCBMxQPhfM6nkhQ8vPfQhkCg,2007-03-02T17:21:11.000Z,3952751,941,1135869276,2019-04-07 15:13:30.624134
grav3yardgirl,UCGwPbAQdGA3_88WBuGtg9tw,2010-12-03T07:48:33.000Z,8664571,1495,1566854180,2019-04-07 15:13:31.717782
BuzzFeedVideo,UCpko_-a4wgz2u_DgDgd9fqA,2011-08-10T21:27:29.000Z,18739102,5955,15025942902,2019-04-07 15:13:32.782966
Lane Anderson,,,0,0,0,2019-04-07 15:13:33.818863
AmazingPhil,UCHUE4ypXKp7ZkmdWbGJNgJg,2006-02-07T21:55:42.000Z,4181698,264,579722847,2019-04-07 15:13:34.884405
Simone Giertz,,,0,0,0,2019-04-07 15:13:35.928801
Laura in the Kitchen,,,0,0,0,2019-04-07 15:13:36.969631
Hevesh5,UCxJsQFhb8PFjtuN5gdOV6-w,2009-01-28T22:14:50.000Z,2371850,320,730764337,2019-04-07 15:13:38.048245
Anew Start,,,0,0,0,2019-04-07 15:13:39.081471
Ingrid Nilsen,,,0,0,0,2019-04-07 15:13:40.115426
Unique Vibes,,,0,0,0,2019-04-07 15:13:41.165487
EverythingApplePro,UCj34AOIMl_k1fF7hcBkD_dw,2009-01-27T19:52:05.000Z,7137498,1583,1685207068,2019-04-07 15:13:42.235547
Pitch Perfect,,,0,0,0,2019-04-07 15:13:43.287974
HARRY,UCJzmlOUH4eNAh204ZOlKBvQ,2005-08-07T00:04:15.000Z,172,0,0,2019-04-07 15:13:44.441547
Turbo Conquering Mega Eagle,,,0,0,0,2019-04-07 15:13:45.485529
flirppy242,UCS026mREwig9Cc9FepVN7pg,2008-03-05T19:01:07.000Z,17,7,102110,2019-04-07 15:13:46.626045
JonTronShow,UCdJdEguB1F1CiYe7OEi3SBg,2010-09-01T00:28:58.000Z,5289033,101,743897342,2019-04-07 15:13:47.707522
Dorkly,UCHdos0HAIEhIMqUc9L3vh1w,2007-01-13T14:21:01.000Z,2881963,686,1287802847,2019-04-07 15:13:48.802829
Guardian News,,,0,0,0,2019-04-07 15:13:49.835660
Markiplier,UCxubOASK0482qC5psq89MsQ,2012-03-07T01:15:46.000Z,76620,1,575294,2019-04-07 15:13:50.954262
FOX Sports,,,0,0,0,2019-04-07 15:13:51.984875
Marvel Entertainment,,,0,0,0,2019-04-07 15:13:53.034380
Miss Universe,,,0,0,0,2019-04-07 15:13:54.081422
NZPoliceRecruitment,UCKTINSJhAdJjcK-AaCmiCuA,2010-11-18T23:17:07.000Z,5977,41,4770392,2019-04-07 15:13:55.200631
Bethany Mota,,,0,0,0,2019-04-07 15:13:56.248902
Tina Nguyen,,,0,0,0,2019-04-07 15:13:57.286989
AmandaMoor & Craft Ideas,,,0,0,0,2019-04-07 15:13:58.331944
Sesame Street,,,0,0,0,2019-04-07 15:13:59.362628
Cloth Map,,,0,0,0,2019-04-07 15:14:00.396894
Gatorade,UCJNH_Wn96zxOc1UnMs8B_4Q,2005-10-02T08:10:02.000Z,73,15,9208,2019-04-07 15:14:01.521814
Srinath .S,,,0,0,0,2019-04-07 15:14:02.568448
The White House,,,0,0,0,2019-04-07 15:14:03.601619
Ellie and Jared,,,0,0,0,2019-04-07 15:14:04.640945
Doug DeMuro,,,0,0,0,2019-04-07 15:14:05.682983
Unbox Therapy,,,0,0,0,2019-04-07 15:14:06.719702
Just Between Us,,,0,0,0,2019-04-07 15:14:07.766484
Cam'ron,,,0,0,0,2019-04-07 15:14:08.801565
The X Factor UK,,,0,0,0,2019-04-07 15:14:09.834785
CFL Insider,,,0,0,0,2019-04-07 15:14:10.882099
Technomanila,,,0,0,0,2019-04-07 15:14:11.922706
West Midlands Police,,,0,0,0,2019-04-07 15:14:12.957913
David Steuer,,,0,0,0,2019-04-07 15:14:14.004715
CS Dojo,,,0,0,0,2019-04-07 15:14:15.036525
AFP news agency,,,0,0,0,2019-04-07 15:14:16.069674
I Like To Make Stuff,,,0,0,0,2019-04-07 15:14:17.109395
Plasma Channel,,,0,0,0,2019-04-07 15:14:18.148139
CalumScottVEVO,UCwUtwxkX0IDk9_OYaBcmRnQ,2016-05-23T17:27:50.000Z,1303906,53,1076311686,2019-04-07 15:14:19.211426
Liam Gallagher,,,0,0,0,2019-04-07 15:14:20.254503
Marco Reps,,,0,0,0,2019-04-07 15:14:21.290129
Bravo,UC1GO53HkUppZPsllC1D1ZpQ,2005-11-13T00:36:54.000Z,33,0,0,2019-04-07 15:14:22.430678
Linkin Park,,,0,0,0,2019-04-07 15:14:23.471594
toofacedcosmetics,UCj28gEwD-ZicKaUOo76tsxg,2008-03-23T04:17:00.000Z,294935,230,29416252,2019-04-07 15:14:24.538724
Epicurious,,,0,0,0,2019-04-07 15:14:25.594294
Sevdaliza,UCONnf7g7QfOqzM3etLECtUA,2011-11-15T15:15:56.000Z,215966,50,45198600,2019-04-07 15:14:26.677896
shane,UCV9_KinVpV-snHe3C3n1hvA,2005-09-22T03:45:47.000Z,21396952,1695,4886577840,2019-04-07 15:14:27.758320
Munchies,UCaLfMkkHhSA_LaCta0BzyhQ,2014-03-24T21:21:29.000Z,2964971,885,593466715,2019-04-07 15:14:28.823119
Variety,UCgRQHK8Ttr1j9xCEpCAlgbQ,2006-03-04T06:29:34.000Z,360699,2677,171274625,2019-04-07 15:14:29.899598
Good Morning America,,,0,0,0,2019-04-07 15:14:30.946398
KaneBrownVEVO,UCsEj8E122ibbJetQe8BoV7g,2015-10-27T17:09:33.000Z,724057,58,888347913,2019-04-07 15:14:32.010393
Molly Burke,,,0,0,0,2019-04-07 15:14:33.049028
Grandpa Kitchen,,,0,0,0,2019-04-07 15:14:34.088713
ElleOfTheMills,UCwCI06WrrkGr1VyhkQMFBlw,2012-03-28T22:08:59.000Z,1674423,160,143677184,2019-04-07 15:14:35.153443
Mike Boyd,,,0,0,0,2019-04-07 15:14:36.199642
DamonAndJo,UCASjTz4wC5E-8Twuszj7amg,2012-10-22T21:43:42.000Z,1168011,555,87232353,2019-04-07 15:14:37.294100
Wassabi Productions,,,0,0,0,2019-04-07 15:14:38.342154
Clevver News,,,0,0,0,2019-04-07 15:14:39.373888
Darren Criss,,,0,0,0,2019-04-07 15:14:40.405856
ANDREW HUANG,,,0,0,0,2019-04-07 15:14:41.441875
Steve TV Show,,,0,0,0,2019-04-07 15:14:42.486718
Great Big Story,,,0,0,0,2019-04-07 15:14:43.531634
legofreedom1,UCHuLJuq6zhqjx4QuJevuj_w,2012-09-01T02:31:23.000Z,1042,267,1157942,2019-04-07 15:14:44.629539
Loudwire,UCdz5mFXdCFOhqo-jLbode8g,2010-12-25T06:08:53.000Z,17,0,0,2019-04-07 15:14:45.752810
SiriusXM,UCmn4d1GmKKzjhyXGtaMJMtw,2006-07-28T04:09:55.000Z,2249,0,0,2019-04-07 15:14:46.891456
Apple Support,,,0,0,0,2019-04-07 15:14:47.927319
HQVideoDude,UCXhZvVgqPDXvPEZ_Z14pQAQ,2010-08-12T20:35:17.000Z,20590,72,25708048,2019-04-07 15:14:49.005365
Teen Vogue,,,0,0,0,2019-04-07 15:14:50.059543
Lame Videos,,,0,0,0,2019-04-07 15:14:51.094547
Lucy Moon,,,0,0,0,2019-04-07 15:14:52.126330
Applied Science,,,0,0,0,2019-04-07 15:14:53.165922
Why Don't We,,,0,0,0,2019-04-07 15:14:54.212968
geicocaveman2012,UClmaYMJISH_T3zr5Rj8Z2xA,2012-01-30T09:54:27.000Z,462,9,647496,2019-04-07 15:14:55.312396
Maker's Box,,,0,0,0,2019-04-07 15:14:56.361885
shurap,,,0,0,0,2019-04-07 15:14:57.414114
SupremeSounds,,,0,0,0,2019-04-07 15:14:58.468816
Context Information Security,,,0,0,0,2019-04-07 15:14:59.513410
Lamborghini,UC9DXZC8BCDOW6pYAQKgozqw,2005-12-13T06:08:53.000Z,928481,460,59973950,2019-04-07 15:15:00.594698
Beats by Dre,,,0,0,0,2019-04-07 15:15:01.641515
Snapchat,,,0,0,0,2019-04-07 15:15:02.693895
Mark Rober,,,0,0,0,2019-04-07 15:15:03.739668
Sony Pictures Entertainment,,,0,0,0,2019-04-07 15:15:04.781352
SamSmithWorldVEVO,UC3Pa0DVzVkqEN_CwsNMapqg,2013-10-28T17:39:39.000Z,6853689,71,4811053639,2019-04-07 15:15:05.846119
Kylie Cosmetics,,,0,0,0,2019-04-07 15:15:06.877695
The Telegraph,,,0,0,0,2019-04-07 15:15:07.909807
Trailers Promos Teasers,,,0,0,0,2019-04-07 15:15:08.944711
HollywoodLife,,,0,0,0,2019-04-07 15:15:10.004606
BUILD Series,,,0,0,0,2019-04-07 15:15:11.055552
Andre Black Nerd,,,0,0,0,2019-04-07 15:15:12.111401
NitroV2,,,0,0,0,2019-04-07 15:15:13.161190
Omeleto,UCkGgCrgC0A8vTzIxvZHTwZg,2008-04-18T04:52:11.000Z,1,0,0,2019-04-07 15:15:14.288732
Mashable Daily,,,0,0,0,2019-04-07 15:15:15.342938
Feelunique,,,0,0,0,2019-04-07 15:15:16.405348
The New Yorker,,,0,0,0,2019-04-07 15:15:17.440601
TiffyQuake,UCyT6APaPTsFEwtEHu-oMqFA,2013-02-05T06:32:20.000Z,1313053,389,182746458,2019-04-07 15:15:18.534517
David Jardine,,,0,0,0,2019-04-07 15:15:19.578578
The Royal Family Channel,,,0,0,0,2019-04-07 15:15:20.618683
Rainsford,UCJRpqfPOr6ayw7w1OV2WEAA,2006-04-17T15:42:32.000Z,1,0,0,2019-04-07 15:15:21.733605
Billboard News,,,0,0,0,2019-04-07 15:15:22.779916
The Cuddle Squad,,,0,0,0,2019-04-07 15:15:23.819674
Define American,,,0,0,0,2019-04-07 15:15:24.864845
Chriselle Lim,,,0,0,0,2019-04-07 15:15:25.910499
MrNorrisVideos,UC9gCY-9tBmZLXrjj6b87EWg,2011-08-16T07:51:04.000Z,26994,232,29179529,2019-04-07 15:15:27.848834
ТСН,,,0,0,0,2019-04-07 15:15:28.891612
SiggasNation™,,,0,0,0,2019-04-07 15:15:29.929691
The New York Times,,,0,0,0,2019-04-07 15:15:30.964528
Anna Akana,,,0,0,0,2019-04-07 15:15:31.997404
Alesso,UCHuHWM3-GKLrLhDpTyTxRAQ,2006-03-18T00:45:26.000Z,19,1,256,2019-04-07 15:15:33.125579
The Dodo,,,0,0,0,2019-04-07 15:15:34.172414
colinfurze,UCp68_FLety0O-n9QU6phsgw,2006-11-15T23:10:11.000Z,7822730,257,853125047,2019-04-07 15:15:35.245851
Corinne Leigh,,,0,0,0,2019-04-07 15:15:36.281041
Beyond The Trailer,,,0,0,0,2019-04-07 15:15:37.343447
Glam&Gore,,,0,0,0,2019-04-07 15:15:38.379265
CYNVEVO,,,0,0,0,2019-04-07 15:15:39.414483
The Official Pokémon YouTube Channel,,,0,0,0,2019-04-07 15:15:40.450470
WTHR,UCn-zbRY_RNQ1qNmuYYqAijg,2006-09-23T13:26:14.000Z,1,0,0,2019-04-07 15:15:41.599490
Millie T,,,0,0,0,2019-04-07 15:15:42.641395
Google,UCK8sQmJBp8GCxrOtXWBpyEA,2005-09-18T22:37:10.000Z,7390753,2213,2668004067,2019-04-07 15:15:43.706821
"One List , One Life",,,0,0,0,2019-04-07 15:15:44.752963
Focus Features,,,0,0,0,2019-04-07 15:15:45.785224
Galantis,,,0,0,0,2019-04-07 15:15:46.840078
POPSUGAR,,,0,0,0,2019-04-07 15:15:47.898208
DraftExpress,UCRUErR61S_Fl8AFMdRtJ6kw,2009-02-17T18:59:29.000Z,112326,3225,62656877,2019-04-07 15:15:48.973344
NASA,,,0,0,0,2019-04-07 15:15:50.087240
truTV,,,0,0,0,2019-04-07 15:15:51.132299
Mnet K-POP,,,0,0,0,2019-04-07 15:15:52.172535
Inside Edition,,,0,0,0,2019-04-07 15:15:53.222526
TheJuicyJVEVO,UCqeu4irsmkYm5ZeVOg9_ieQ,2012-09-17T17:21:28.000Z,942673,45,398117313,2019-04-07 15:15:54.310794
5FDPVEVO,UC_fN8QapvzsTxrddAN3w9tw,2010-09-01T20:20:11.000Z,1402430,109,1240999090,2019-04-07 15:15:55.404532
Shoshana Bean,,,0,0,0,2019-04-07 15:15:56.441485
Open Road Films,,,0,0,0,2019-04-07 15:15:57.477657
Martin Garrix,,,0,0,0,2019-04-07 15:15:58.557205
How To Cook That,,,0,0,0,2019-04-07 15:15:59.600049
Itzztonytony,,,0,0,0,2019-04-07 15:16:00.646950
JOLLY,,,0,0,0,2019-04-07 15:16:01.702346
LissieVEVO,UC1bszM52V3aZSqpXZFbP1zg,2010-08-17T19:25:36.000Z,72085,44,31064419,2019-04-07 15:16:02.796545
PrettyMuchVEVO,,,0,0,0,2019-04-07 15:16:03.843670
FIFATV,UCpcTrCXblq78GZrTUTLWeBw,2006-09-06T03:52:41.000Z,7561969,7395,2053292734,2019-04-07 15:16:04.921764
TBS,UCgCudMsK-kxYxB2RgiS3bzQ,2005-10-20T01:34:35.000Z,872107,2819,575689733,2019-04-07 15:16:05.986128
cgriesemer,UCLquyEGkXKvp9xahcrnwm9w,2006-08-07T18:52:28.000Z,71,20,240840,2019-04-07 15:16:07.082637
Genius,UCdNvF54AYp2qRt8DkWdYKbQ,2005-08-28T14:51:26.000Z,20,0,0,2019-04-07 15:16:08.180714
Flash Rahbbit,,,0,0,0,2019-04-07 15:16:09.225790
Charles Chan,,,0,0,0,2019-04-07 15:16:10.257525
Science vs Cinema,,,0,0,0,2019-04-07 15:16:11.298361
Wengie,,,0,0,0,2019-04-07 15:16:12.350436
Mr. Kate,,,0,0,0,2019-04-07 15:16:13.397213
ワーナー ブラザース 公式チャンネル,,,0,0,0,2019-04-07 15:16:14.441665
communitychannel,UCKHi7M_11VJmLZSq4WNHSkg,2006-09-12T12:07:20.000Z,1871743,408,615334492,2019-04-07 15:16:15.505323
Star Wars,,,0,0,0,2019-04-07 15:16:16.549836
Arden Rose,,,0,0,0,2019-04-07 15:16:17.598169
Mike Diva,,,0,0,0,2019-04-07 15:16:18.640108
JamesAVEVO,UCnPjVVu__eOVZnAnjBiGhKA,2012-12-06T16:51:58.000Z,2460224,61,1538329174,2019-04-07 15:16:19.703804
Tessa Violet,,,0,0,0,2019-04-07 15:16:20.741630
kmichelle,,,0,0,0,2019-04-07 15:16:21.789012
Complex,,,0,0,0,2019-04-07 15:16:22.835838
MOBO Awards,,,0,0,0,2019-04-07 15:16:23.869367
Maggie Smith Kühn,,,0,0,0,2019-04-07 15:16:24.917290
Pies Are Awesome,,,0,0,0,2019-04-07 15:16:25.968343
Facelesstech,,,0,0,0,2019-04-07 15:16:27.022958
Ross Kempsell,,,0,0,0,2019-04-07 15:16:28.074041
5-Minute Crafts,,,0,0,0,2019-04-07 15:16:29.110215
BuzzFeedBlue,UCBUVGPsJzc1U8SECMgBaMFw,2014-05-05T19:01:18.000Z,9545528,1707,4649725123,2019-04-07 15:16:30.187541
The Food Ranger,,,0,0,0,2019-04-07 15:16:31.234346
"European Space Agency, ESA",,,0,0,0,2019-04-07 15:16:32.275750
Be Amazed,,,0,0,0,2019-04-07 15:16:33.319207
Máquina Voadora,,,0,0,0,2019-04-07 15:16:34.352633
Tom Daley,,,0,0,0,2019-04-07 15:16:35.393920
This Morning,,,0,0,0,2019-04-07 15:16:36.431427
Xscape - Topic,,,0,0,0,2019-04-07 15:16:37.474044
SB Nation,,,0,0,0,2019-04-07 15:16:38.515789
First Aid Kit,,,0,0,0,2019-04-07 15:16:39.562590
The University of Chicago,,,0,0,0,2019-04-07 15:16:40.625012
Vote The Process,,,0,0,0,2019-04-07 15:16:41.658276
RackaRacka,,,0,0,0,2019-04-07 15:16:42.717064
QUARTZ,,,0,0,0,2019-04-07 15:16:43.777273
razzark666,UCmeLTWF4hokl-zp1fopnwIA,2006-04-01T04:35:37.000Z,386,11,1424188,2019-04-07 15:16:44.865896
Skelly Robot,,,0,0,0,2019-04-07 15:16:45.922269
LIL UZI VERT,,,0,0,0,2019-04-07 15:16:46.969070
Universal Pictures,,,0,0,0,2019-04-07 15:16:48.002617
5MadMovieMakers,UCLkZVEXz_qObWr7hAEbS_pQ,2010-07-18T21:29:48.000Z,363102,137,263614262,2019-04-07 15:16:49.069572
Victoria's Secret,,,0,0,0,2019-04-07 15:16:50.108614
TMZ,UCK7IIV6Q2junGSdYK3BmZMg,2006-04-10T16:33:09.000Z,3579074,30140,3181099356,2019-04-07 15:16:51.179313
GraceVanderWaalVEVO,UCqswuI3fsM4oQam6liOVJsw,2016-09-23T16:00:47.000Z,1752104,52,252624410,2019-04-07 15:16:52.328995
Pac-12 Networks,,,0,0,0,2019-04-07 15:16:53.362059
Big Ten Network,,,0,0,0,2019-04-07 15:16:54.397751
PBS NewsHour,,,0,0,0,2019-04-07 15:16:55.440352
Shay Mitchell,,,0,0,0,2019-04-07 15:16:56.472901
Car Commercials of the Past,,,0,0,0,2019-04-07 15:16:57.517383
Boldly,,,0,0,0,2019-04-07 15:16:58.573712
Gigi Gorgeous,,,0,0,0,2019-04-07 15:16:59.609320
AlmazanKitchen,,,0,0,0,2019-04-07 15:17:00.671709
PrincessPiaMiaVEVO,UCnFngWHLtr4phM30rhNqFEw,2013-12-04T22:52:52.000Z,995697,22,523817173,2019-04-07 15:17:01.780991
Dude Perfect,,,0,0,0,2019-04-07 15:17:02.813286
LecraeVEVO,,,0,0,0,2019-04-07 15:17:03.865988
MLG Highlights,,,0,0,0,2019-04-07 15:17:04.937169
Tanya Burr,,,0,0,0,2019-04-07 15:17:05.970097
Karina Garcia,,,0,0,0,2019-04-07 15:17:07.005476
jypentertainment,UCaO6TYtlC8U5ttz62hTrZgg,2008-01-25T07:45:44.000Z,12169865,910,6141870940,2019-04-07 15:17:08.084613
KISS FM UK,,,0,0,0,2019-04-07 15:17:09.115961
Bloomberg Politics,,,0,0,0,2019-04-07 15:17:10.162755
CrashCourse,UCX6b17PVsYBQ0ip5gyeme-Q,2006-05-20T02:43:42.000Z,9188060,1108,1032514028,2019-04-07 15:17:11.243647
Kayley Melissa,,,0,0,0,2019-04-07 15:17:12.282923
Magnolia Pictures & Magnet Releasing,,,0,0,0,2019-04-07 15:17:13.328449
National Geographic,,,0,0,0,2019-04-07 15:17:14.361909
Associated Press,,,0,0,0,2019-04-07 15:17:15.407849
Jack and Dean,,,0,0,0,2019-04-07 15:17:16.450434
Doctor Mike,,,0,0,0,2019-04-07 15:17:17.487158
Kita Osaka,,,0,0,0,2019-04-07 15:17:18.523052
neilyoungchannel,UC8gbK8uoqKhlACSeenUPkFQ,2006-12-13T01:30:47.000Z,170701,117,71421702,2019-04-07 15:17:19.632523
The Film Theorists,,,0,0,0,2019-04-07 15:17:20.666178
Pokémon GO,,,0,0,0,2019-04-07 15:17:21.701666
CBS Los Angeles,,,0,0,0,2019-04-07 15:17:22.733655
FILMWEBTV,UCazr2526s4M0OleH-GvShOA,2006-10-07T09:46:59.000Z,10676,719,10379752,2019-04-07 15:17:23.878476
Syracuse Orange,,,0,0,0,2019-04-07 15:17:24.919663
Lifetime,UCpYF_3dMxbTukeCG2GsgPbA,2006-03-05T14:20:22.000Z,2874203,8083,2945721636,2019-04-07 15:17:25.985340
Outback Steakhouse,,,0,0,0,2019-04-07 15:17:27.032209
E! Live from the Red Carpet,,,0,0,0,2019-04-07 15:17:28.078981
LadBaby Official,,,0,0,0,2019-04-07 15:17:29.122314
郭韋辰,,,0,0,0,2019-04-07 15:17:30.162615
Clark Zhu,,,0,0,0,2019-04-07 15:17:31.209407
Fox News,,,0,0,0,2019-04-07 15:17:32.253256
MickMake,,,0,0,0,2019-04-07 15:17:33.286374
ABC7,UCfSvKJAIiyWqNU5rhNtp1UA,2006-03-01T21:36:52.000Z,9,2,1417,2019-04-07 15:17:34.435712
Campo Santo Productions,,,0,0,0,2019-04-07 15:17:35.472546
Vlogs By DK4L,,,0,0,0,2019-04-07 15:17:36.515517
MoorInfo,,,0,0,0,2019-04-07 15:17:37.562316
Asthmatic Kitty Records,,,0,0,0,2019-04-07 15:17:38.600957
Muselk,UCXQPCd1X6yvm-Q0KeyGY4ew,2007-11-03T22:50:11.000Z,72,0,0,2019-04-07 15:17:39.803996
Simply Not Logical,,,0,0,0,2019-04-07 15:17:40.846129
GohmertTX01,UC0HMa6X3iMhMq96kkRLLTog,2007-11-14T15:59:05.000Z,5224,1073,2319213,2019-04-07 15:17:41.935248
MSNBC,,,0,0,0,2019-04-07 15:17:42.982032
Pittsburgh Dad,,,0,0,0,2019-04-07 15:17:44.014731
Jessica Kellgren-Fozard,,,0,0,0,2019-04-07 15:17:45.053352
Honda,UC22zQ9nBEk6KOjUWqR5XXZg,2005-10-11T00:42:58.000Z,387170,1217,90616223,2019-04-07 15:17:46.126537
The CW Television Network,,,0,0,0,2019-04-07 15:17:47.165593
jessiepaege,,,0,0,0,2019-04-07 15:17:48.246436
PsychoSoprano,UCR-QYzXrZF8yFarK8wZbHog,2006-07-31T02:46:42.000Z,8443168,943,1444607915,2019-04-07 15:17:49.318076
Beme News,,,0,0,0,2019-04-07 15:17:50.360085
Alissa Ashley,,,0,0,0,2019-04-07 15:17:51.408095
melodysheep,UCR9sFzaG9Ia_kXJhfxtFMBA,2006-06-25T13:58:42.000Z,518096,87,132909843,2019-04-07 15:17:52.509992
Marteen Estevez,,,0,0,0,2019-04-07 15:17:53.559312
NWSSanDiego,UC_4xc0QQDujsK2ayfdTKW-w,2012-10-18T18:42:43.000Z,1460,283,341090,2019-04-07 15:17:54.677189
"But First, Coffee",,,0,0,0,2019-04-07 15:17:55.717829
taalk com,,,0,0,0,2019-04-07 15:17:56.761112
National Safety Council,,,0,0,0,2019-04-07 15:17:57.816423
FrownsUpsideDown,UCExXSHlzUd4eilWIoAaUfTg,2011-01-26T17:09:21.000Z,8835,9,10910958,2019-04-07 15:17:58.926830
HOTSPOTATL,UCuw6G0wwo_BmP9EmpEFVO1w,2009-09-14T22:18:13.000Z,5116,223,2424134,2019-04-07 15:18:00.030271
edlover4real,UCDjek9E6vptWoUkayPA-B4Q,2006-08-20T17:33:20.000Z,63361,180,10641839,2019-04-07 15:18:01.127695
Max Joseph,,,0,0,0,2019-04-07 15:18:03.002161
MigosVEVO,UCGIelM2Dj3zza3xyV3pL3WQ,2013-07-08T18:04:37.000Z,1977978,80,1511094613,2019-04-07 15:18:04.074609
thegameawards,UC4lVYv2Pt3TUdUU6uKX6nng,2010-11-08T15:57:14.000Z,4,0,0,2019-04-07 15:18:05.192020
MoreZoella,UCrUbqTCagwsaP2Fmr0p1TsA,2012-09-04T10:57:39.000Z,4878230,515,801373427,2019-04-07 15:18:06.259904
LouisTomlinsonVEVO,,,0,0,0,2019-04-07 15:18:07.321995
PLAYERUNKNOWN'S BATTLEGROUNDS,,,0,0,0,2019-04-07 15:18:08.362277
LIVEKellyandRyan,,,0,0,0,2019-04-07 15:18:09.422449
Marzia,,,0,0,0,2019-04-07 15:18:10.500498
DanAndPhilGAMES,UCuhwvTYFvVZjyBVXc9T7CrA,2014-05-02T17:42:29.000Z,3119902,278,586528124,2019-04-07 15:18:11.567312
Whitney Avalon,,,0,0,0,2019-04-07 15:18:12.600684
Manny Mua,,,0,0,0,2019-04-07 15:18:13.643155
leonalewis,UCiVxAX5STcvXQN3bYUvJi9w,2006-08-22T19:47:46.000Z,960150,37,17849424,2019-04-07 15:18:14.726229
JK Brickworks,,,0,0,0,2019-04-07 15:18:15.788221
Merrell Twins Live,,,0,0,0,2019-04-07 15:18:16.828057
greyson97,UCVLMS691o0TQZked8ESG9pw,2010-04-28T19:08:14.000Z,786322,30,104918675,2019-04-07 15:18:17.913801
The Sydney Morning Herald,,,0,0,0,2019-04-07 15:18:18.970825
LiamPayneVEVO,UCAddNQ-4Xag9EiUaBX-d82w,2011-12-26T20:48:59.000Z,501,1,3176,2019-04-07 15:18:20.095735
officialcharlixcx,UCOvEMf00DnwdkpOCRWdc6uA,2011-03-24T18:09:55.000Z,2183308,98,774125936,2019-04-07 15:18:21.178304
SR Trailers and Interviews,,,0,0,0,2019-04-07 15:18:22.230432
Tom Thum,,,0,0,0,2019-04-07 15:18:23.272771
VidCon,UCpfrvuFC6qpKukrZe85FyQg,2006-08-18T13:32:40.000Z,301727,411,77295568,2019-04-07 15:18:24.343120
Duan Mackenzie,,,0,0,0,2019-04-07 15:18:25.389980
rollingstoneonline,UCplFzk41GPh1gGjDLbQ4qtA,2010-02-04T15:50:25.000Z,3377,192,1829185,2019-04-07 15:18:26.487389
CIRCUITBEARD,,,0,0,0,2019-04-07 15:18:27.553759
Awkward Puppets,,,0,0,0,2019-04-07 15:18:28.588196
Desi Perkins,,,0,0,0,2019-04-07 15:18:29.631908
BBC,UCCj956IF62FbT7Gouszaj9w,2005-11-12T02:36:31.000Z,6036398,23028,5489533068,2019-04-07 15:18:30.703738
The Unipiper,,,0,0,0,2019-04-07 15:18:31.766219
Henry Prince Mak,,,0,0,0,2019-04-07 15:18:32.798096
Mr Ben Brown,,,0,0,0,2019-04-07 15:18:33.844896
Michael Bublé,,,0,0,0,2019-04-07 15:18:34.894470
Taylor R,,,0,0,0,2019-04-07 15:18:35.943045
Bad Lip Reading,,,0,0,0,2019-04-07 15:18:36.983796
Poppy,UC3huXhjTLzJFdDpx2KY5CUg,2005-10-06T18:08:00.000Z,253,22,497411,2019-04-07 15:18:38.098417
jennxpenn,UCXUrDDdmQHni2UTSNyIh4ag,2009-01-15T23:23:04.000Z,3540311,368,324750979,2019-04-07 15:18:39.164047
euronews (in English),,,0,0,0,2019-04-07 15:18:40.215293
thevirts,UCd3QjsY2nngpBYCoUihX7HA,2007-05-15T09:16:47.000Z,131305,47,14622713,2019-04-07 15:18:41.329246
CBC News,,,0,0,0,2019-04-07 15:18:42.380930
dekuNukem,,,0,0,0,2019-04-07 15:18:43.432207
Karim Jovian,,,0,0,0,2019-04-07 15:18:44.472812
BeyondSlowMotion,UCiQt8SWd6qp90kMvVbflqIw,2011-12-03T07:54:58.000Z,187130,75,14291091,2019-04-07 15:18:45.546161
New York Magazine,,,0,0,0,2019-04-07 15:18:46.592960
FliteTest,UC9zTuyWffK9ckEz1216noAw,2010-06-21T17:52:32.000Z,1199787,1065,229213601,2019-04-07 15:18:47.664764
devinsupertramp,UCwgURKfUA7e0Z7_qE3TvBFQ,2010-06-14T01:26:26.000Z,5355941,307,1219070671,2019-04-07 15:18:48.749502
Logan Paul Vlogs,,,0,0,0,2019-04-07 15:18:49.782866
TheAngryGrandpaShow,UCPFVhmjjSkFhfstm2LghZIg,2010-06-19T15:40:40.000Z,4191133,633,1158589677,2019-04-07 15:18:50.850686
CNBC,UCvJJ_dzjViJCoLf5uKUTwoA,2006-06-17T16:34:17.000Z,682205,13738,237505634,2019-04-07 15:18:51.922818
CBS News,,,0,0,0,2019-04-07 15:18:52.954408
BeOurGuest,,,0,0,0,2019-04-07 15:18:54.004952
GoPro,,,0,0,0,2019-04-07 15:18:55.054293
Youtube Tea,,,0,0,0,2019-04-07 15:18:56.093106
Inthefrow,UCyxZB7SqkRFqij18X1rDYHQ,2012-11-11T20:37:36.000Z,618329,547,60371778,2019-04-07 15:18:57.178202
Moby,,,0,0,0,2019-04-07 15:18:58.238453
BrettYoungVEVO,,,0,0,0,2019-04-07 15:18:59.285542
Samantha Maria,,,0,0,0,2019-04-07 15:19:00.324822
Disneyland Experience,,,0,0,0,2019-04-07 15:19:01.371623
Chad Kroeger,,,0,0,0,2019-04-07 15:19:02.409584
Confuse News,,,0,0,0,2019-04-07 15:19:03.465627
Ford Europe,,,0,0,0,2019-04-07 15:19:04.512061
Condé Nast Traveler,,,0,0,0,2019-04-07 15:19:05.547765
Trevor Moran,,,0,0,0,2019-04-07 15:19:06.594565
Rob Bliss,,,0,0,0,2019-04-07 15:19:07.641365
jenniferhudsonVEVO,UCZlPhuBAcNovK2ATCSSz0kw,2009-09-02T23:37:31.000Z,356366,49,171692705,2019-04-07 15:19:08.721710
PeopleTV,UCnN1DYDR6fpHqCXRevRmn_w,2006-05-16T21:02:51.000Z,368,239,67884,2019-04-07 15:19:09.820713
Jacob Collier,,,0,0,0,2019-04-07 15:19:10.861933
VICE News,,,0,0,0,2019-04-07 15:19:11.908293
MaccabeatsVideos,UCnlNKKYly365T1779K1PmUg,2012-09-05T15:03:20.000Z,72938,43,34314644,2019-04-07 15:19:13.000919
Bachelor Nation on ABC,,,0,0,0,2019-04-07 15:19:14.057815
PHP,,,0,0,0,2019-04-07 15:19:15.111482
ilikeweylie,UCz5ppm1BYc7tgUYIel3EWJw,2007-09-29T06:46:46.000Z,1676212,484,151700905,2019-04-07 15:19:16.195510
Anthem Lights,,,0,0,0,2019-04-07 15:19:17.241789
Al Jazeera English,,,0,0,0,2019-04-07 15:19:18.291698
Sherylcrow,UC89Lupwwv9ANeuxfDRXo7mQ,2006-09-21T01:10:09.000Z,143833,46,5219524,2019-04-07 15:19:19.385025
RocketJump Film School,,,0,0,0,2019-04-07 15:19:20.440871
blvck King,,,0,0,0,2019-04-07 15:19:21.479114
Trevor Wallace,,,0,0,0,2019-04-07 15:19:22.521879
Vat19Nvjds,UC1tAza6iL3yB0QXRoGl49KQ,2013-03-18T21:49:44.000Z,13455,134,2645413,2019-04-07 15:19:23.648288
SnekTek,,,0,0,0,2019-04-07 15:19:24.697341
Domain of Science,,,0,0,0,2019-04-07 15:19:25.746866
Birdbox Studio,,,0,0,0,2019-04-07 15:19:26.799310
Just Marcus,,,0,0,0,2019-04-07 15:19:27.835117
James Veitch,,,0,0,0,2019-04-07 15:19:28.871087
Roy Moore for Senate,,,0,0,0,2019-04-07 15:19:29.914265
Dj Earworm,,,0,0,0,2019-04-07 15:19:30.975649
Bethel Music,,,0,0,0,2019-04-07 15:19:32.010892
Jaclyn Hill,,,0,0,0,2019-04-07 15:19:33.070330
ChrisBrownVEVO,UCm1dsgJNnhaLkY3uAdqN4mA,2009-10-15T19:08:16.000Z,12583655,189,7901012127,2019-04-07 15:19:34.155327
T-Mobile,,,0,0,0,2019-04-07 15:19:35.208014
ThePianoGuys,UCmKurapML4BF9Bjtj4RbvXw,2008-03-25T19:52:10.000Z,6527113,85,1705466476,2019-04-07 15:19:36.272739
Carly and Erin,,,0,0,0,2019-04-07 15:19:37.314137
GwenStefaniVEVO,UCkEAAkbmhYVnJVSxvp-AfWg,2009-05-12T05:28:04.000Z,1121866,67,830016227,2019-04-07 15:19:38.379568
Blue Origin,,,0,0,0,2019-04-07 15:19:39.414534
Shameless Maya,,,0,0,0,2019-04-07 15:19:40.451666
LukeCombsVEVO,UCwLK17rpMFUfktQEcMzSyWg,2016-08-22T17:01:00.000Z,350639,32,680844357,2019-04-07 15:19:41.537393
austinmcconnell,UCbxQcz9k0NRRuy0ukgQTDQQ,2007-06-04T18:30:02.000Z,823583,93,70364631,2019-04-07 15:19:42.614885
LaMadelynn,UCLq5mB76CPuOvftjqq8JMYQ,2011-11-16T23:48:29.000Z,979231,259,14893572,2019-04-07 15:19:43.849171
The Atlantic,,,0,0,0,2019-04-07 15:19:44.898626
StoryCorps,UCILamLkehRwaRRBjhNIw_1g,2006-11-29T20:11:13.000Z,255012,192,33773764,2019-04-07 15:19:45.976702
EllieGouldingVEVO,UCvu362oukLMN1miydXcLxGg,2010-02-11T17:43:38.000Z,8019039,98,4725231624,2019-04-07 15:19:47.054396
Davey Swatpaz,,,0,0,0,2019-04-07 15:19:48.098825
Rob Scallon,,,0,0,0,2019-04-07 15:19:49.161231
Penguin Books UK,,,0,0,0,2019-04-07 15:19:50.207518
Dr. Sandra Lee (aka Dr. Pimple Popper),,,0,0,0,2019-04-07 15:19:51.245839
American Bridge 21st Century,,,0,0,0,2019-04-07 15:19:52.296165
GreatScott!,,,0,0,0,2019-04-07 15:19:53.339280
KhalidVEVO,,,0,0,0,2019-04-07 15:19:54.389982
TaylorSwiftVEVO,UCANLZYMidaCbLQFWXBC95Jg,2009-05-12T05:29:33.000Z,27644402,82,16394456170,2019-04-07 15:19:55.468036
KeithUrbanVEVO,UCK-GN21LMCsDoQgnZXNqLaw,2010-03-17T19:37:48.000Z,638860,93,587370580,2019-04-07 15:19:56.551189
Orion Pictures,,,0,0,0,2019-04-07 15:19:57.595472
ChangeofplanZ,,,0,0,0,2019-04-07 15:19:58.654888
MTV International,,,0,0,0,2019-04-07 15:19:59.687502
WE tv,,,0,0,0,2019-04-07 15:20:00.749874
LD Entertainment,,,0,0,0,2019-04-07 15:20:01.798683
doddlevloggle,UCk-83b_vjgxPSHjVFZhR8fA,2012-01-28T20:09:11.000Z,910874,369,129623737,2019-04-07 15:20:02.881806
Ryan Williams,,,0,0,0,2019-04-07 15:20:03.926521
IGN News,,,0,0,0,2019-04-07 15:20:04.988570
Kingsley,,,0,0,0,2019-04-07 15:20:06.040922
Rainer Hilland,,,0,0,0,2019-04-07 15:20:07.087023
SPORTSNET,,,0,0,0,2019-04-07 15:20:08.134869
Hannah Witton,,,0,0,0,2019-04-07 15:20:09.188466
Newsy,,,0,0,0,2019-04-07 15:20:10.250935
Nat Geo WILD,,,0,0,0,2019-04-07 15:20:11.290597
SpaceX,UCSFMADvCb8OL0-3PrzUT_JA,2006-04-12T07:31:47.000Z,251,0,0,2019-04-07 15:20:12.399916
HOT 97,,,0,0,0,2019-04-07 15:20:13.440811
Tom Harlock,,,0,0,0,2019-04-07 15:20:14.504156
dodieVEVO,UCayDH74OUbNnLgmZ1uy136g,2016-12-05T20:45:39.000Z,358184,12,26702671,2019-04-07 15:20:15.717107
David Guetta,,,0,0,0,2019-04-07 15:20:16.779583
cicigoodies2011,UCLEcMU-hWD0aIRvFswKJF2A,2011-05-22T09:03:11.000Z,6567,49,4909753,2019-04-07 15:20:17.886501
Kyle Gunderson,,,0,0,0,2019-04-07 15:20:18.919507
Michael Rigsby,,,0,0,0,2019-04-07 15:20:19.966306
Katzun,UCo7tWAAtCs1OerypW9dJHaQ,2006-03-10T10:55:59.000Z,8,0,0,2019-04-07 15:20:21.099518
MK Dons,,,0,0,0,2019-04-07 15:20:22.146913
greeenpro,UCVfl4sWlOH4E9YCzjEyqZug,2007-11-06T03:14:59.000Z,0,0,0,2019-04-07 15:20:23.312548
FightHype.com,,,0,0,0,2019-04-07 15:20:24.352678
Empire,UCVBLhL_FVJVxnkHmhSPh4JA,2006-01-02T23:53:46.000Z,89,4,19542,2019-04-07 15:20:25.483125
Rock & Roll Hall of Fame,,,0,0,0,2019-04-07 15:20:26.515520
MovieAccessTrailers,,,0,0,0,2019-04-07 15:20:27.577996
Bloomberg,UCUMZ7gohGI9HcU9VNsr2FJQ,2006-03-09T23:17:35.000Z,1559422,47765,372022806,2019-04-07 15:20:28.652077
CyclingTips,,,0,0,0,2019-04-07 15:20:29.703712
misleadingsilhouette,UCBfT4NBQBbO2-HWN6tqf5uQ,2009-06-08T00:52:07.000Z,2871,51,4192860,2019-04-07 15:20:30.802067
itsAlexClark,UCsDmESjqNPukDmVnuneLrqw,2009-12-02T20:40:49.000Z,4023194,380,381847757,2019-04-07 15:20:31.880107
TheReportOfTheWeek,UCeR0n8d3ShTn_yrMhpwyE1Q,2011-02-20T20:42:31.000Z,1291408,981,104876607,2019-04-07 15:20:32.954864
Zach Simmons,,,0,0,0,2019-04-07 15:20:34.007538
IAmAnneMarie,UC6Xz9THx6YDjumNE7pG-0DA,2009-02-06T04:06:35.000Z,48,7,26876,2019-04-07 15:20:35.166531
MasterClass,UCNsuxn6DKjRQWtY_C33u9Iw,2006-02-23T17:18:05.000Z,0,0,0,2019-04-07 15:20:36.289173
Lawrence Livermore National Laboratory,,,0,0,0,2019-04-07 15:20:37.328957
tovestyrkeVEVO,UCzr0iRJgtLNitmAl3U7A1Tw,2010-10-20T21:20:13.000Z,81898,55,26453459,2019-04-07 15:20:38.394072
Cole and Marmalade,,,0,0,0,2019-04-07 15:20:39.426543
Hak5,,,0,0,0,2019-04-07 15:20:40.488966
Missguided,UCNmJ85CTooCM3pu7SKdpcaw,2006-06-03T00:54:31.000Z,3,0,0,2019-04-07 15:20:41.631241
Xbox,UCjBp_7RuDBUYbd1LegWEJ8g,2005-11-01T06:05:35.000Z,2961409,6345,687640749,2019-04-07 15:20:42.708331
Freddie Lister,,,0,0,0,2019-04-07 15:20:43.749220
Collins Key,,,0,0,0,2019-04-07 15:20:44.805484
Third Leg Studios,,,0,0,0,2019-04-07 15:20:45.844193
Blurred Culture,,,0,0,0,2019-04-07 15:20:46.876306
grandayy,,,0,0,0,2019-04-07 15:20:47.912497
NikkieTutorials,UCzTKskwIc_-a0cGvCXA848Q,2008-06-23T17:34:43.000Z,11774605,716,1029409847,2019-04-07 15:20:49.006158
NFL World,,,0,0,0,2019-04-07 15:20:50.061025
Sport Hub,,,0,0,0,2019-04-07 15:20:51.102185
FOX,UCUTuhx9d0GDlQ2Gj1BmhpfA,2005-08-05T22:32:24.000Z,499,1,2236,2019-04-07 15:20:52.250890
CHRIS-RS,,,0,0,0,2019-04-07 15:20:53.297016
Adam Neely,,,0,0,0,2019-04-07 15:20:54.345527
Clevver Style,,,0,0,0,2019-04-07 15:20:55.388213
PointlessBlogVlogs,,,0,0,0,2019-04-07 15:20:56.456311
TechRax,UCmlsu3V3SzIm2Jmo0S0qiMg,2009-09-21T02:56:52.000Z,6341399,494,1494341401,2019-04-07 15:20:57.532490
Chris Hadfield's Rare Earth,,,0,0,0,2019-04-07 15:20:58.565937
Goodwillsandusky,UCXMyrGMfRtf12S0gpxx90XA,2011-06-27T13:45:19.000Z,35,22,342888,2019-04-07 15:20:59.678961
Amelia Liana,,,0,0,0,2019-04-07 15:21:00.736249
Chili Klaus,,,0,0,0,2019-04-07 15:21:01.769487
The Oregonian,,,0,0,0,2019-04-07 15:21:02.814630
ThomasRhettVEVO,UCGHi_s4RrqUh4hsS4mLbiPg,2012-01-30T19:56:08.000Z,752821,40,788032754,2019-04-07 15:21:03.879284
wdwmagic,UCGoKQ9IomBRXyP5DyDjAIIw,2006-04-03T08:50:14.000Z,11021,467,7537968,2019-04-07 15:21:04.984965
CGP Grey,,,0,0,0,2019-04-07 15:21:06.048932
Inside the Magic,,,0,0,0,2019-04-07 15:21:07.085980
Top Korean News,,,0,0,0,2019-04-07 15:21:08.123560
Sports Lovers n1,,,0,0,0,2019-04-07 15:21:09.182407
nickjonas,UCOvsww4Ch0ZKzFkITMm541g,2013-12-22T02:52:46.000Z,2895090,19,2277705,2019-04-07 15:21:10.247537
Davie504,UCgFvT6pUq9HLOvKBYERzXSQ,2011-05-18T19:24:31.000Z,2540175,421,443712001,2019-04-07 15:21:11.323401
Chevrolet,UCSVpCNZzOeMekuMiFze3fnQ,2006-01-11T11:25:50.000Z,622725,191,26563077,2019-04-07 15:21:12.406262
Hillsong Worship,,,0,0,0,2019-04-07 15:21:13.453036
Los Angeles Times,,,0,0,0,2019-04-07 15:21:14.486999
CrazyLaughAction,UC182iDNytd-wAAHHtxzn5Gw,2009-07-13T00:49:41.000Z,39042,31,95458798,2019-04-07 15:21:15.582347
TheBeatlesVEVO,UC4dqLAF7yT-_DqeYisQ001w,2009-12-09T05:30:39.000Z,1337718,45,1143385791,2019-04-07 15:21:16.646632
52 Skillz,,,0,0,0,2019-04-07 15:21:17.678585
Daily Caller,,,0,0,0,2019-04-07 15:21:18.718682
The Nocturnal Alchemist,,,0,0,0,2019-04-07 15:21:19.765482
Paul Sellers,,,0,0,0,2019-04-07 15:21:20.798810
RetroManCave,UCLEoyoOKZK0idGqSc6Pi23w,2012-01-01T13:31:17.000Z,68663,171,5046497,2019-04-07 15:21:21.876857
JackJohnsonVEVO,UCFY1gD9VMrMdPgLuCaZPojg,2009-05-12T05:28:12.000Z,287458,56,205873192,2019-04-07 15:21:22.954904
boogie2988,UC4_bwov47DseacR1-ttTdOg,2006-04-06T01:39:32.000Z,4566713,2118,834004032,2019-04-07 15:21:24.045970
The Bella Twins,,,0,0,0,2019-04-07 15:21:25.078525
Jessica Vu,,,0,0,0,2019-04-07 15:21:26.119593
Step Up: High Water,,,0,0,0,2019-04-07 15:21:27.156989
Michael Dapaah,,,0,0,0,2019-04-07 15:21:28.193441
BBC America,,,0,0,0,2019-04-07 15:21:29.236863
LifeAccordingToJimmy,UCtKf_mQKvfiPvpxyKBVWBoQ,2011-11-24T00:21:28.000Z,3205731,263,533245478,2019-04-07 15:21:30.302830
foofightersVEVO,UCGRjJrpD2bmk9Ilq6nq80qg,2009-09-02T23:37:10.000Z,1400410,71,1306175564,2019-04-07 15:21:31.380878
Alec Steele,,,0,0,0,2019-04-07 15:21:32.425433
Will Darbyshire,,,0,0,0,2019-04-07 15:21:33.470566
The Lore Master,,,0,0,0,2019-04-07 15:21:34.505314
Reach Records,,,0,0,0,2019-04-07 15:21:35.553277
MITCHELL WIGGS,,,0,0,0,2019-04-07 15:21:36.591916
SZAVEVO,,,0,0,0,2019-04-07 15:21:37.644721
Crafty Panda,,,0,0,0,2019-04-07 15:21:38.678638
Peter Caine Dog Training,,,0,0,0,2019-04-07 15:21:39.721250
Ben Pluimer,,,0,0,0,2019-04-07 15:21:40.757466
KatyPerryVEVO,UC-8Q-hLdECwQmaWNwXitYDw,2009-12-13T03:04:53.000Z,26287489,126,17218325752,2019-04-07 15:21:41.846075
Brave Wilderness,,,0,0,0,2019-04-07 15:21:42.881240
Panic! At The Disco,,,0,0,0,2019-04-07 15:21:43.928079
littlemixVEVO,UCssD3_aDYhaG44mwP53CO0w,2011-10-29T20:41:14.000Z,8252053,140,4171703746,2019-04-07 15:21:44.991531
Amazon Studios,,,0,0,0,2019-04-07 15:21:46.023425
ByronTalbott,UCD5WWnRed32y3xGwmrDhUiQ,2011-06-08T16:04:29.000Z,1432161,318,111402582,2019-04-07 15:21:47.093074
Cody'sLab,,,0,0,0,2019-04-07 15:21:48.130910
New England Patriots,,,0,0,0,2019-04-07 15:21:49.177704
Channel 4,,,0,0,0,2019-04-07 15:21:50.234536
Momentum Pictures,,,0,0,0,2019-04-07 15:21:51.272155
Waterjet Channel,,,0,0,0,2019-04-07 15:21:52.330451
Invisible People,,,0,0,0,2019-04-07 15:21:53.377088
Macklemore LLC,,,0,0,0,2019-04-07 15:21:54.410011
Cardi B,,,0,0,0,2019-04-07 15:21:55.449933
ONE Media,,,0,0,0,2019-04-07 15:21:56.488068
JennaMarbles,UC9gFih9rw0zNCK3ZtoKQQyA,2010-02-16T17:38:20.000Z,19499742,444,3100516305,2019-04-07 15:21:57.566777
SugarlandVEVO,UCbJI4Kiaba4Nh_tVjR3Gm7w,2009-05-12T05:29:29.000Z,341247,36,311927455,2019-04-07 15:21:58.631869
Whistle Sports,,,0,0,0,2019-04-07 15:21:59.679225
JarJar Abrams,,,0,0,0,2019-04-07 15:22:00.717983
Lisa Eldridge,,,0,0,0,2019-04-07 15:22:01.764737
Foot Locker,,,0,0,0,2019-04-07 15:22:02.798695
BBC Three,,,0,0,0,2019-04-07 15:22:03.832107
INQUIRER.net,,,0,0,0,2019-04-07 15:22:04.878881
Lyft,,,0,0,0,2019-04-07 15:22:05.931640
Spotify,UCRMqQWxCWE0VMvtUElm-rEA,2008-01-15T17:26:45.000Z,317711,249,101316275,2019-04-07 15:22:07.021914
Star Wars Coffee,,,0,0,0,2019-04-07 15:22:08.090331
TheUnlockr,,,0,0,0,2019-04-07 15:22:09.141958
Brad Mondo,,,0,0,0,2019-04-07 15:22:10.185042
Business Insider UK,,,0,0,0,2019-04-07 15:22:11.238293
negermano,UCMqxNDSr5u8FkPXXLB7welg,2008-05-07T09:04:47.000Z,24,22,24091,2019-04-07 15:22:12.391173
Frankie Vision,,,0,0,0,2019-04-07 15:22:13.437973
KendrickLamarVEVO,UCoYfzC2zMlc9M-Odgaf6OSg,2011-02-09T14:00:06.000Z,7123574,55,2407742983,2019-04-07 15:22:14.516397
Gerry Litwin,,,0,0,0,2019-04-07 15:22:15.564430
Doug Ellison,,,0,0,0,2019-04-07 15:22:16.599276
How To Make Everything,,,0,0,0,2019-04-07 15:22:17.632638
Seonkyoung Longest,,,0,0,0,2019-04-07 15:22:18.665720
Freedom of the Press Foundation,,,0,0,0,2019-04-07 15:22:19.701596
The Rock,,,0,0,0,2019-04-07 15:22:20.739677
CNET,UC1h8KcM6ze8-mTrSL61HJIA,2005-12-09T06:10:47.000Z,155,10,136019,2019-04-07 15:22:21.827212
CBS New York,,,0,0,0,2019-04-07 15:22:22.874014
Torm place,,,0,0,0,2019-04-07 15:22:23.923115
MLB,UCoLrcjPV5PbUrUyXq5mjc_A,2005-12-25T18:02:22.000Z,1574931,274980,1460734296,2019-04-07 15:22:24.998182
VOsprey22,UCy_3z9nUwuip2xkF_BNCQYw,2011-10-10T22:51:47.000Z,27,2,87666,2019-04-07 15:22:26.150930
Smyang Piano,,,0,0,0,2019-04-07 15:22:27.195200
Function,,,0,0,0,2019-04-07 15:22:28.256374
MARIO TESTINO,,,0,0,0,2019-04-07 15:22:29.294973
Tyler Stalman,,,0,0,0,2019-04-07 15:22:30.346596
Kerry Wong,,,0,0,0,2019-04-07 15:22:31.394061
MODSUN,UCJJDFP9XgtqZQ8I6zDEiM9g,2009-07-11T00:51:59.000Z,122626,172,32763004,2019-04-07 15:22:32.471848
Joey Graceffa,,,0,0,0,2019-04-07 15:22:33.523320
Food Wishes,,,0,0,0,2019-04-07 15:22:34.557841
Kyle Jennermann,,,0,0,0,2019-04-07 15:22:35.594706
FC Barcelona,,,0,0,0,2019-04-07 15:22:36.657129
J.J. McCullough,,,0,0,0,2019-04-07 15:22:37.689617
Theme Park Review,,,0,0,0,2019-04-07 15:22:38.725353
Real Madrid C.F.,,,0,0,0,2019-04-07 15:22:39.756726
Official Charts,,,0,0,0,2019-04-07 15:22:40.795805
IFC Films,,,0,0,0,2019-04-07 15:22:41.829204
MYSTERY SCIENCE THEATER 3000,,,0,0,0,2019-04-07 15:22:42.876003
Republican News Watch,,,0,0,0,2019-04-07 15:22:43.922803
Hulu,,,0,0,0,2019-04-07 15:22:44.974362
Famous Celebrities Snaps,,,0,0,0,2019-04-07 15:22:46.021161
DragTimes,UCWeLPNowZvdzXwnCDxVyNEg,2006-10-10T11:54:14.000Z,215631,863,107071920,2019-04-07 15:22:47.134472
Keke Palmer,,,0,0,0,2019-04-07 15:22:48.179325
NBC,UCccjdJEay2hpb5scz61zY6Q,2006-06-12T17:43:46.000Z,631649,241,35683772,2019-04-07 15:22:49.253402
Ryan Northover,,,0,0,0,2019-04-07 15:22:50.287648
Derek Hough,,,0,0,0,2019-04-07 15:22:51.324293
XenonJohn,UCK1Yak5NEF_fPyF1Xf-PVOQ,2006-07-31T08:14:31.000Z,0,0,0,2019-04-07 15:22:52.490512
vnbreyes,,,0,0,0,2019-04-07 15:22:53.557173
Doctor Who,,,0,0,0,2019-04-07 15:22:54.592574
NBC Sports,,,0,0,0,2019-04-07 15:22:55.624637
The Royal Family,,,0,0,0,2019-04-07 15:22:56.671074
Mark Sales,,,0,0,0,2019-04-07 15:22:57.717875
KBAK - KBFX - Eyewitness News - BakersfieldNow,,,0,0,0,2019-04-07 15:22:58.764676
Russell Howard,,,0,0,0,2019-04-07 15:22:59.798354
Movieclips Coming Soon,,,0,0,0,2019-04-07 15:23:00.835011
VICELAND,UCwCXJeXiZ0_0QMQMJxwrNVw,2006-05-09T11:52:49.000Z,67,1,22679,2019-04-07 15:23:01.975554
Troom Troom,,,0,0,0,2019-04-07 15:23:03.022692
Jordan Wilson,,,0,0,0,2019-04-07 15:23:04.062675
Linus Tech Tips,,,0,0,0,2019-04-07 15:23:05.102806
FX Networks,,,0,0,0,2019-04-07 15:23:06.144826
Channel Awesome,,,0,0,0,2019-04-07 15:23:07.183326
