video_id,duration,commentCount,dislikeCount,favoriteCount,likeCount,viewCount,timestamp
2kyS6SvSYSE,678,21875,8369,0,102869,2940489,2019-04-06 11:51:46.499557
1ZAPwfrtAFY,1431,24385,15577,0,203636,13982860,2019-04-06 11:51:47.701530
5qpjK5DgCt4,569,14888,11378,0,312883,16884259,2019-04-06 11:51:48.826272
puqaWrEC7tY,430,3610,1643,0,20763,1308124,2019-04-06 11:51:50.173039
d380meD0W0M,733,25691,2919,0,183242,4434960,2019-04-06 11:51:51.469577
gHZ1Qz0KiKM,833,3848,3390,0,33885,1989526,2019-04-06 11:51:52.610836
39idVpFF7NQ,282,3098,3549,0,24790,4054236,2019-04-06 11:51:53.923073
nc99ccSXST0,608,3470,1468,0,38916,2167402,2019-04-06 11:51:55.520506
jr9QtXwC9vc,149,4965,2747,0,94748,18427070,2019-04-06 11:51:57.098152
TUmyygCMMGA,543,4744,3408,0,34236,1449382,2019-04-06 11:51:58.223800
9wRQljFNDW8,76,186,43,0,865,114284,2019-04-06 11:51:59.522002
VifQlJit6A0,109,2354,639,0,2833,303806,2019-04-06 11:52:01.051809
5E4ZBSInqUU,207,41373,25180,0,1078152,89887576,2019-04-06 11:52:02.241798
GgVmn66oK_A,269,7015,2936,0,21789,1917563,2019-04-06 11:52:03.833565
TaTleo4cOs8,743,2677,631,0,14312,983577,2019-04-06 11:52:05.371415
kgaO45SyaO4,25,19209,5803,0,114543,12749055,2019-04-06 11:52:06.787554
ZAQs-ctOqXQ,139,1262,791,0,10363,404903,2019-04-06 11:52:07.974775
YVfyYrEmzgM,274,895,204,0,17686,839801,2019-04-06 11:52:09.194412
eNSN6qet1kE,823,8022,823,0,73592,2319813,2019-04-06 11:52:10.631541
B5HORANmzHw,318,1294,303,0,12347,412257,2019-04-06 11:52:11.789907
vU14JY3x81A,227,18440,560,0,42793,1719780,2019-04-06 11:52:12.992749
6VhU_T463sU,305,313,247,0,6387,573070,2019-04-06 11:52:14.351836
_-aDHxoblr4,267,1262,203,0,20731,461775,2019-04-06 11:52:15.571484
JBZTZZAcFTw,360,1450,1506,0,10737,1085393,2019-04-06 11:52:16.721772
lZ68j2J_GOM,156,785,430,0,36244,878647,2019-04-06 11:52:17.837011
dRpNZV18N_g,509,2098,439,0,17406,1098793,2019-04-06 11:52:19.102372
fcVjitaM3LY,520,694,160,0,9499,396235,2019-04-06 11:52:20.212739
qeWvgZLz9yU,352,2225,682,0,23092,679962,2019-04-06 11:52:21.420601
iIxy3JN3-jc,279,123,128,0,284,89647,2019-04-06 11:52:22.641260
n30k5CwLhS4,0,0,0,0,0,0,2019-04-06 11:52:23.766027
U0hAC8O7RoI,512,11586,25363,0,123066,8368965,2019-04-06 11:52:25.250020
CBVGjS_EJok,0,0,0,0,0,0,2019-04-06 11:52:26.437296
n1WpP7iowLc,305,139613,75273,0,1182246,60453021,2019-04-06 11:52:27.674672
hz7ukDjuq4w,399,978,324,0,10042,487219,2019-04-06 11:52:28.804714
p2hJxyF7mok,73,809,582,0,7867,1870137,2019-04-06 11:52:29.975326
0mlNzVSJrT0,47,603,216,0,3009,161051,2019-04-06 11:52:31.104854
Om_zGhJLZ5U,601,1922,969,0,9465,432586,2019-04-06 11:52:32.355522
e_7zHm7GsYc,223,229,333,0,17187,991414,2019-04-06 11:52:33.653078
dQvIbulWCM4,295,4988,2439,0,62842,1739548,2019-04-06 11:52:34.843147
zZ9FciUx6gs,255,2185,1676,0,30640,1871529,2019-04-06 11:52:36.201428
PaJCFHXcWmM,292,1557,1169,0,25690,3254938,2019-04-06 11:52:37.856553
goP4Z5wyOlM,31,437,30,0,332,44446,2019-04-06 11:52:39.465554
NZFhMSgbKKM,32,55,76,0,96,24332,2019-04-06 11:52:41.028547
0tO_l_Ed5Rs,257,9253,21795,0,22777,593793,2019-04-06 11:52:42.168902
STI2fI7sKMo,951,0,1857,0,7368,503818,2019-04-06 11:52:43.512266
BWPrk9PUwQE,402,3762,2704,0,55566,2908674,2019-04-06 11:52:45.007671
ogYum4kWXgk,200,251,120,0,7359,379886,2019-04-06 11:52:46.329132
sbcbvuitiTc,58,1280,2571,0,2195,1084438,2019-04-06 11:52:47.821091
zNqCVTs38nU,41,35,77,0,141,51520,2019-04-06 11:52:49.276092
DM-ni_LSOFE,529,8729,3647,0,70531,4060072,2019-04-06 11:52:50.665062
0PpNlNJ6Nng,829,26536,2840,0,194712,7354911,2019-04-06 11:52:51.885549
c-3JxzN2u34,318,33,8,0,440,17381,2019-04-06 11:52:53.074953
069D0NmW39o,298,972,1234,0,26339,2581664,2019-04-06 11:52:54.216640
9t9u_yPEidY,238,18285,43548,0,544594,89029731,2019-04-06 11:52:55.718506
KODzih-pYlU,464,439,250,0,10096,291928,2019-04-06 11:52:57.658221
8NHA23f7LvU,124,1258,615,0,41080,5321668,2019-04-06 11:52:58.974775
w0XYVssCKjw,281,648,239,0,10118,423372,2019-04-06 11:53:00.208911
9XSULcLI6Hg,0,0,0,0,0,0,2019-04-06 11:53:01.375086
pjuPpVLXDQg,78,87,29,0,352,345564,2019-04-06 11:53:02.594601
9xSx-5tmq44,208,960,414,0,9398,353924,2019-04-06 11:53:03.735826
4v0nOAzcG2A,469,1182,617,0,16111,646913,2019-04-06 11:53:05.468930
oTObwUiXdYY,46,144,46,0,159,36953,2019-04-06 11:53:07.046669
1cgK-BIrXes,90,5036,3015,0,28797,1088497,2019-04-06 11:53:08.461380
ujyTQNNjjDU,261,9940,11120,0,289881,27652139,2019-04-06 11:53:10.054847
PABlVzeldaM,275,759,109,0,1033,312751,2019-04-06 11:53:11.475986
6340tX9M_eM,99,1120,565,0,10648,1101380,2019-04-06 11:53:12.681531
8mhTWqWlQzU,967,11391,2776,0,198332,10218499,2019-04-06 11:53:13.820737
t4YAyT4ihIQ,265,8331,13749,0,246601,16380875,2019-04-06 11:53:14.979414
MNiweoKXwfg,87,42,13,0,587,68521,2019-04-06 11:53:16.109798
Jw1Y-zhQURU,0,0,0,0,0,0,2019-04-06 11:53:17.346363
2Vv-BfVoq4g,280,338538,422604,0,10176862,1959841585,2019-04-06 11:53:18.699740
UFYCTJlayS4,604,272,267,0,3156,99600,2019-04-06 11:53:19.990705
cccyOn99s4Y,483,262,170,0,4509,144953,2019-04-06 11:53:21.371118
abGCYPCk294,3014,710,115,0,1601,47264,2019-04-06 11:53:22.822205
lY_0mkYDZDU,246,2552,2087,0,45638,2834348,2019-04-06 11:53:23.972123
k8NxqyGcZA4,154,2290,5846,0,2909,338302,2019-04-06 11:53:25.373545
IE-xepGLVt8,269,710,261,0,7599,961851,2019-04-06 11:53:26.781615
ObIQ0s02UHg,218,3917,7873,0,132101,19243137,2019-04-06 11:53:27.987624
cOc3tsFWoRs,142,2070,775,0,37075,4822560,2019-04-06 11:53:29.192669
AJYb0Yom5UQ,161,198,49,0,381,178691,2019-04-06 11:53:30.710631
gLswXiRLdkA,558,2378,1676,0,38465,1192644,2019-04-06 11:53:31.836224
MyEqfBkzESU,1060,11396,9131,0,56176,3645934,2019-04-06 11:53:33.102966
wJYE0sFOteE,274,310,119,0,5682,395727,2019-04-06 11:53:34.294140
L_5_slz4ke4,226,89,25,0,112,15011,2019-04-06 11:53:35.670375
OKoL852K9uA,542,430,338,0,5159,188600,2019-04-06 11:53:37.021463
pa_oUisZZy0,81,2720,883,0,78640,3062073,2019-04-06 11:53:38.804536
fNtLIcyjsnI,148,1694,2072,0,38525,7366034,2019-04-06 11:53:40.158820
_Iz83-Cmt6A,0,0,0,0,0,0,2019-04-06 11:53:41.537497
YlvCVbfS9M0,112,2678,759,0,43455,1495890,2019-04-06 11:53:42.786926
arJ5h2TY3I4,225,14053,3145,0,232351,4925603,2019-04-06 11:53:44.427475
-2RVw2_QyxQ,20767,25,28,0,496,82844,2019-04-06 11:53:45.978441
gEHCXl4J9Qo,186,4056,2185,0,87981,4255916,2019-04-06 11:53:47.276877
-OK9i1_YYYc,42909,14,35,0,2254,48494,2019-04-06 11:53:48.511829
b4vTZx_AtHk,87,14090,15436,0,135708,4076183,2019-04-06 11:53:49.667796
kOnQocd799Y,924,11263,7753,0,102549,6568214,2019-04-06 11:53:50.855041
e4FApt6z55c,205,2697,1861,0,35912,2668561,2019-04-06 11:53:51.966461
2XK4omx9uMU,125,15640,4829,0,419113,22104919,2019-04-06 11:53:53.200529
xfmipNU4Odc,214,2359,332,0,49304,2208213,2019-04-06 11:53:54.695701
jp9hK-jY6yY,360,26550,5744,0,377657,9129247,2019-04-06 11:53:55.961080
RkHuWjiR-LM,222,1487,795,0,32892,3309564,2019-04-06 11:53:57.186712
fCTKDn3Q8xQ,255,13208,3098,0,131997,4836008,2019-04-06 11:53:58.398016
DIU3xPdhCBI,340,2914,3151,0,77688,5117285,2019-04-06 11:53:59.513650
wnwF1FHybDQ,271,311,280,0,4847,795567,2019-04-06 11:54:00.658028
9oFP-pOMNwE,13,0,983,0,3703,622330,2019-04-06 11:54:01.961396
pz95u3UVpaM,217,26381,30497,0,909127,127872726,2019-04-06 11:54:03.170083
g5c1bk8weaQ,241,13516,3107,0,383989,5750757,2019-04-06 11:54:04.426814
yuBqWcSKrCk,428,313,239,0,6174,933598,2019-04-06 11:54:05.912611
x9mh-SwSKas,979,692,192,0,13069,406500,2019-04-06 11:54:07.383738
uiA4B5Y63IQ,141,946,585,0,11040,2016570,2019-04-06 11:54:08.558002
viyRD5z6ilQ,199,627,478,0,9409,765059,2019-04-06 11:54:09.836271
QFfEtKvXMAs,232,3857,762,0,107247,3994640,2019-04-06 11:54:11.048560
xg9ebVTL9yE,195,2341,1098,0,52454,4906759,2019-04-06 11:54:12.174953
fbHbTBP_u7U,216,52444,24252,0,1139333,76532058,2019-04-06 11:54:13.840460
Ja_GMU7-sjs,454,6913,2499,0,72240,3058915,2019-04-06 11:54:15.329980
QOksZ8VogRw,220,3982,3777,0,154801,13029644,2019-04-06 11:54:16.541775
RYs08kX3Ih4,638,1294,677,0,25095,669831,2019-04-06 11:54:18.011697
tOFkFZbPdnQ,16,410,207,0,9052,629959,2019-04-06 11:54:19.224763
dW4wpGg64pE,337,3254,1810,0,63417,3734536,2019-04-06 11:54:20.795239
2VP846QcA_4,962,802,445,0,11496,437541,2019-04-06 11:54:21.967840
_dhneCO4YEE,346,1181,2662,0,6555,524877,2019-04-06 11:54:23.087255
EYkEshCOhEU,825,1015,448,0,17764,384695,2019-04-06 11:54:24.527465
Rq9-mW6HgQE,433,2407,510,0,22420,1731379,2019-04-06 11:54:25.796163
k29YnfttqEU,155,1107,820,0,18976,3389652,2019-04-06 11:54:27.274735
Eg_kW5fw6qU,512,4066,191,0,13619,414094,2019-04-06 11:54:28.751577
J_QGZspO4gg,169,9891,5212,0,248003,25157360,2019-04-06 11:54:30.183727
PkRBTF6nt4E,92,365,850,0,1252,209003,2019-04-06 11:54:31.346737
ozkqm2ifMw8,251,703,290,0,21955,1316192,2019-04-06 11:54:32.642619
htvR_dBs3eg,382,846,204,0,4121,180504,2019-04-06 11:54:33.831251
qEEtzzi1EII,109,1123,582,0,30313,1556653,2019-04-06 11:54:35.445341
1Wk8ZRgXQnY,221,368,340,0,31730,1897575,2019-04-06 11:54:37.048998
8l_e6bx8UG8,230,9858,7535,0,45528,2399748,2019-04-06 11:54:38.579042
lsfzA7sWlOM,58,1511,183,0,8421,215543,2019-04-06 11:54:39.986467
RQDphL2MVlM,515,263,145,0,4416,108121,2019-04-06 11:54:41.411191
X7flefV8tec,402,2470,5680,0,6640,658350,2019-04-06 11:54:42.758683
cYw-oyJ7AEY,212,893,949,0,18164,985574,2019-04-06 11:54:44.137786
6nJw-jPQYVI,384,157,35,0,1589,230940,2019-04-06 11:54:45.644145
5x1FAiIq_pQ,306,195,594,0,3838,316987,2019-04-06 11:54:47.022116
LMCuKltaY3M,146,487,387,0,5815,895367,2019-04-06 11:54:48.678067
6Detw08jRhs,61,116,144,0,868,83245,2019-04-06 11:54:49.819872
vd4zwINEcLY,56,221,55,0,1094,158102,2019-04-06 11:54:50.978521
7fm7mll2qvg,236,765,371,0,26881,1546757,2019-04-06 11:54:52.151658
5gFpcEKayz4,231,2325,2150,0,110609,5653185,2019-04-06 11:54:53.780508
eHIY3HNNqzM,232,490,413,0,19602,1663682,2019-04-06 11:54:55.345765
q-WipZ9p0wk,1208,297,115,0,3549,167857,2019-04-06 11:54:56.521753
zy0b9e40tK8,0,0,0,0,0,0,2019-04-06 11:54:58.073833
rL4WkebTT_U,546,1108,102,0,12604,260944,2019-04-06 11:54:59.199722
Y6eKxjMA9ek,847,1155,282,0,28330,300701,2019-04-06 11:55:00.373447
Q6Usd3_fbq8,231,666,67,0,11696,245500,2019-04-06 11:55:01.515797
44NYFvhXmW8,249,8956,7407,0,159713,10339376,2019-04-06 11:55:02.780105
9wg3v-01yKQ,183,68962,25840,0,1178724,32594317,2019-04-06 11:55:03.916287
F-j_6IuaYfw,399,2275,1065,0,20717,643773,2019-04-06 11:55:05.185218
_qSW96a2aKY,195,2529,3079,0,31121,4233050,2019-04-06 11:55:06.316053
afgvlR9WmIQ,238,1071,578,0,25945,1439913,2019-04-06 11:55:07.707760
_CJN_ryETIY,340,815,134,0,16786,478440,2019-04-06 11:55:09.224472
P4YJwy_T9pM,832,2919,581,0,77952,2444046,2019-04-06 11:55:10.675359
YqH4eWR7jDQ,81,2,0,0,62,8764,2019-04-06 11:55:11.923671
r96KpNTcog4,389,399,113,0,11971,213836,2019-04-06 11:55:13.547838
B4gXsobd_ao,270,610,150,0,4906,120542,2019-04-06 11:55:14.930028
x8eLIJAM58M,121,976,1124,0,12372,2210203,2019-04-06 11:55:16.343087
6V_aZsATDsM,618,0,22,0,1209,70035,2019-04-06 11:55:17.697960
qg0GdM60syI,16,1,0,0,4,1648,2019-04-06 11:55:18.824563
8j_BYfVEyhA,1851,1471,796,0,5886,714322,2019-04-06 11:55:20.215117
9ymjcSvEyhk,251,493,378,0,8645,715282,2019-04-06 11:55:21.747361
oB3SAI2oCqk,64,1,1,0,27,7915,2019-04-06 11:55:22.879414
HNa_UWX51_s,289,1102,741,0,35420,1670719,2019-04-06 11:55:24.297489
08nkwgZIE4I,228,1549,1119,0,42299,3390303,2019-04-06 11:55:25.873649
5Smb3tZD1Qc,217,696,385,0,4643,783077,2019-04-06 11:55:27.376389
YHDbsyyjld0,314,629,37,0,7682,142644,2019-04-06 11:55:29.026994
uyl6WtHEYOQ,134,64,36,0,1006,85022,2019-04-06 11:55:30.258372
bhoFXkVy8JA,0,0,0,0,0,0,2019-04-06 11:55:31.551232
_w58R1OGQFA,269,57,94,0,1037,94992,2019-04-06 11:55:32.786161
BEweWXa5Twk,790,2212,931,0,49094,1549834,2019-04-06 11:55:34.035416
egXr0PU-kCY,1132,7250,2379,0,74596,2259835,2019-04-06 11:55:35.387401
fIQ2Ty2OL34,430,188,11,0,540,29508,2019-04-06 11:55:36.700754
d_j512i2k6c,473,1988,689,0,11057,761827,2019-04-06 11:55:38.247212
4d07RXYLsJE,24,2,0,0,4,2570,2019-04-06 11:55:39.457159
DOIw62TXYkg,125,1568,900,0,11727,7079077,2019-04-06 11:55:40.727226
0lbJHqAGpbA,88,15,5,0,386,253603,2019-04-06 11:55:41.898836
JuP1Z8xpRb8,227,301,81,0,3983,147732,2019-04-06 11:55:43.570256
CR9zYgr84QY,517,291,77,0,7635,217111,2019-04-06 11:55:45.028827
1640fZpYBSY,83,565,73,0,1244,388655,2019-04-06 11:55:46.240007
M2-IpsWQUWs,153,934,607,0,14260,1036678,2019-04-06 11:55:51.518482
7m630xvAJtA,230,37,18,0,526,65968,2019-04-06 11:55:52.623705
510KQ_LXGww,1095,304,3856,0,100488,2082255,2019-04-06 11:55:53.893306
CO9dIyNM_9Q,99,759,183,0,677,273981,2019-04-06 11:55:55.086723
hX643KbiI4s,0,0,0,0,0,0,2019-04-06 11:55:56.235464
mwpHSMv1pI4,220,1270,291,0,20099,575748,2019-04-06 11:55:57.360465
Mfiim71QdYQ,298,477,111,0,553,57537,2019-04-06 11:55:58.600845
UFPSIa1cLRQ,194,283,99,0,6550,314731,2019-04-06 11:55:59.800538
o78x918zbFk,948,27746,2593,0,69100,1847489,2019-04-06 11:56:00.942447
iNf6VErGDLI,475,4986,3272,0,84963,3526432,2019-04-06 11:56:02.137953
6ixU_vdE0Es,390,1630,163,0,62490,1379273,2019-04-06 11:56:03.359634
wRGldR_SQAA,0,0,0,0,0,0,2019-04-06 11:56:04.790622
agKDPntMv-E,420,1598,524,0,4661,573168,2019-04-06 11:56:06.193906
Xl38SuxyrgM,564,41,15,0,176,21035,2019-04-06 11:56:07.370235
u7pV4vxD1bs,304,89,75,0,75,189474,2019-04-06 11:56:08.593673
zYWt2mnalP8,190,3781,2660,0,76121,1290133,2019-04-06 11:56:10.051504
PoNWU2cox9w,255,2251,964,0,53033,3480054,2019-04-06 11:56:11.561552
6hTzM1BPdU8,433,1857,170,0,16057,690262,2019-04-06 11:56:12.802282
MCW5HUkrr-o,672,3803,971,0,64903,2023235,2019-04-06 11:56:13.908161
YvfYK0EEhK4,138,4632,3964,0,104772,4567738,2019-04-06 11:56:15.383368
cxMvzK2OQTw,163,6325,9148,0,26282,1466108,2019-04-06 11:56:16.761367
bAkEd8r7Nnw,628,10637,4066,0,175583,9460632,2019-04-06 11:56:17.932875
ItYOdWRo0JY,655,24168,90737,0,104608,11920561,2019-04-06 11:56:19.218605
5530I_pYjbo,351,43672,10177,0,1180303,24482807,2019-04-06 11:56:20.710350
dUMH6DVYskc,42,4003,6778,0,12462,2585773,2019-04-06 11:56:21.879165
gjXrm2Q-te4,76,5449,1522,0,102270,3543090,2019-04-06 11:56:23.102178
9SK1I0V6U5c,358,14194,5419,0,277333,17435943,2019-04-06 11:56:24.682895
VsYmwBOYfW8,267,3692,4133,0,82763,10857028,2019-04-06 11:56:25.915995
CtBca6H6Teg,304,4570,682,0,44214,2298367,2019-04-06 11:56:27.442814
pcWKpGzhgq4,161,700,292,0,17492,1894847,2019-04-06 11:56:28.663989
L3br0klRqF4,24865,446,350,0,690,176515,2019-04-06 11:56:30.297891
9kF9xY74h-E,414,11851,1015,0,244088,3444580,2019-04-06 11:56:31.635964
p2EY93WfBQk,947,2510,761,0,38355,681802,2019-04-06 11:56:32.944916
xL_qpDkF5A8,75,1123,350,0,13962,2294424,2019-04-06 11:56:34.188091
eQVhAN7-IAw,233,4416,1267,0,94523,2825440,2019-04-06 11:56:35.762509
Y9nDagqKL7Q,17,2519,643,0,59318,1754392,2019-04-06 11:56:37.286840
DbJ2s_g1oDc,651,3060,1585,0,34489,1911757,2019-04-06 11:56:38.597929
KJ12FVmumeA,362,945,296,0,1860,377063,2019-04-06 11:56:39.725329
qDAxDcjgn-8,568,3551,1524,0,16628,681153,2019-04-06 11:56:41.358671
815lSYphlbw,530,1027,154,0,10929,567814,2019-04-06 11:56:42.463428
E_86MEdNsAI,522,1871,256,0,20543,632937,2019-04-06 11:56:43.680412
Cr9oGxr0Qa0,405,1286,168,0,14233,526934,2019-04-06 11:56:44.992509
g0K5QoEj7FQ,48,99,152,0,219,60839,2019-04-06 11:56:46.117648
l4bAoNAx2uo,392,38600,14492,0,64700,5258741,2019-04-06 11:56:47.277364
TSqwDQHE1J8,0,0,0,0,0,0,2019-04-06 11:56:48.440682
MltuW2kcREI,788,6833,2116,0,144398,6422226,2019-04-06 11:56:49.886990
jGiqc3HSxEg,443,970,381,0,24029,650373,2019-04-06 11:56:51.162080
XrDlDj9DfZs,110,180,117,0,2583,232945,2019-04-06 11:56:52.416891
Z3OZyb2iWqQ,323,171,116,0,4250,482627,2019-04-06 11:56:53.802452
Hq89wYzOjfs,3296,0,457,0,8200,755351,2019-04-06 11:56:55.248234
vZzIS17HexE,248,100,119,0,952,68389,2019-04-06 11:56:56.770947
yZGSIpcAfEo,0,0,0,0,0,0,2019-04-06 11:56:58.126196
zxUwbflE1SY,166,6289,410,0,18295,1396528,2019-04-06 11:56:59.298810
7oRdswHqaf8,352,594,54,0,3228,77563,2019-04-06 11:57:00.452256
qC0I5PEhkJo,177,35,16,0,183,125581,2019-04-06 11:57:01.713340
0zk2SwmCpss,248,324,18,0,1216,122332,2019-04-06 11:57:02.945152
SGVbdo2CkgI,318,224,163,0,9822,551991,2019-04-06 11:57:04.166793
NfLVVJOuY5M,214,623,88,0,18712,495578,2019-04-06 11:57:05.739060
F388-6yDDpc,536,3190,673,0,7102,1323696,2019-04-06 11:57:07.266616
KhdecX0qjNA,222,393,146,0,14589,521014,2019-04-06 11:57:08.717275
kWIzjMWmuYk,366,1743,47,0,6487,61873,2019-04-06 11:57:10.219967
symdi5KSJts,167,966,740,0,32379,1765973,2019-04-06 11:57:11.640699
5hEJsoDP2q4,226,2744,1478,0,62370,1651799,2019-04-06 11:57:12.906003
lBHPVE3AI6Y,233,446,58,0,459,135713,2019-04-06 11:57:14.369252
kIUHDwn51y8,138,754,86,0,5166,320755,2019-04-06 11:57:15.493637
Lz7dya576HY,352,92,62,0,905,89804,2019-04-06 11:57:16.987542
kqmhCaF5_44,220,171,149,0,1947,140397,2019-04-06 11:57:18.405823
eAyxMv4IBH8,137,355,376,0,7051,494490,2019-04-06 11:57:19.675760
EJu_wPGFTw0,270,6,4,0,59,12225,2019-04-06 11:57:20.812819
MKLlDnUqho4,162,443,191,0,5175,137117,2019-04-06 11:57:22.018245
wwZ-T_WQ03A,826,1942,1797,0,27001,1702556,2019-04-06 11:57:23.378891
i-LCORFB860,206,437,675,0,2483,2834180,2019-04-06 11:57:24.992768
vWYyZMH_QjA,197,521,118,0,5511,81317,2019-04-06 11:57:26.681610
VJlSq6h0LNg,1761,60,60,0,17,7407,2019-04-06 11:57:27.959967
ijJPFowBsBc,1047,349,215,0,5480,203438,2019-04-06 11:57:29.356011
HBS9783c0BI,0,0,0,0,0,0,2019-04-06 11:57:30.873865
JwboxqDylgg,12728,72,39,0,352,57570,2019-04-06 11:57:32.171889
1WDj0DddCcM,646,12,36,0,11,7124,2019-04-06 11:57:33.690154
bqgVB6Vl-lI,601,1519,1145,0,80581,6934741,2019-04-06 11:57:35.205934
ZhSk8mPSWCg,75,23,5,0,52,4954,2019-04-06 11:57:36.851809
qooQd8AA7_M,201,62579,37879,0,1186934,111511435,2019-04-06 11:57:38.226773
9KIP-Ncp2jU,111,9,62,0,294,123394,2019-04-06 11:57:39.685631
i4YQRLQVixM,95,1105,1030,0,3051,1364437,2019-04-06 11:57:41.238199
Fyyua5JzD9w,52,31,11,0,429,56914,2019-04-06 11:57:42.459974
9Th4qTv-4jE,95,28,5,0,77,43628,2019-04-06 11:57:44.045546
uTH--XRCGxM,67,235,135,0,12995,513403,2019-04-06 11:57:45.183695
ttf_EzEkxBk,172,5175,3629,0,6247,3749817,2019-04-06 11:57:46.607824
l7je4VAUvjA,52,0,138,0,320,153071,2019-04-06 11:57:48.139884
8-Cjsnq8kVU,130,18327,9516,0,454338,20361801,2019-04-06 11:57:49.272721
hpapqEeb36k,233,2646,1213,0,59427,2296209,2019-04-06 11:57:50.700836
cmoknv58jjE,855,10004,9773,0,76568,3306007,2019-04-06 11:57:51.831075
sottGW1p5os,701,14308,3614,0,331197,16256443,2019-04-06 11:57:53.000387
EEIP1YpFXrE,415,13651,1762,0,96955,4790951,2019-04-06 11:57:54.199863
pgjRX9oGF7g,333,8666,1806,0,36327,1236365,2019-04-06 11:57:55.614437
_BVAJ3PXZ1k,387,3207,1391,0,25850,1465630,2019-04-06 11:57:57.015856
8hKbIhrb1WU,355,7178,3533,0,136030,10679800,2019-04-06 11:57:58.336685
RTaDvKMtUeA,206,887,734,0,26985,2149269,2019-04-06 11:57:59.472280
jG1JY0rt2Os,217,22946,12778,0,352378,25426259,2019-04-06 11:58:00.622662
RrhSJzM8NLE,395,1292,1390,0,25723,2440291,2019-04-06 11:58:01.732133
0gwkMY-mzUQ,31,1745,1129,0,41068,1491446,2019-04-06 11:58:02.970015
UwdLlnPaRAU,435,3656,844,0,74671,3404062,2019-04-06 11:58:04.098252
ve3oQBjcAGI,916,14577,4446,0,75512,4093715,2019-04-06 11:58:05.645911
C4YNcqNF4hg,318,1186,480,0,47246,2507342,2019-04-06 11:58:07.192605
k1cA-Wh3Tc0,1227,8804,2385,0,32618,2183269,2019-04-06 11:58:08.701360
Mn-3c6of8t8,105,2078,650,0,20077,595456,2019-04-06 11:58:10.232240
TN5jzDgORqQ,111,435,413,0,6522,1046801,2019-04-06 11:58:11.600461
9Ca8zWJOlFQ,955,16814,6459,0,126035,5601530,2019-04-06 11:58:12.740455
mcqWcLDUeag,0,0,0,0,0,0,2019-04-06 11:58:14.030752
4SANXNco_y4,203,459,258,0,5618,264966,2019-04-06 11:58:15.273034
-oXybog2IuI,411,156,25,0,1834,74556,2019-04-06 11:58:16.652240
oRF2-ZloSqg,310,2185,631,0,20519,1109506,2019-04-06 11:58:18.089558
lzgQrHFDNLE,211,1011,1355,0,11294,471373,2019-04-06 11:58:19.271457
0ANDjPQPS_Q,754,486,100,0,3805,40549,2019-04-06 11:58:20.635813
4ftGS_6i7mM,53,33,17,0,145,42657,2019-04-06 11:58:21.772071
upEIZAihcwo,0,0,0,0,0,0,2019-04-06 11:58:23.052166
Jidk0O6uu-0,181,516,66,0,5739,126728,2019-04-06 11:58:24.708011
64IIfxDrhJY,137,195,55,0,1242,166170,2019-04-06 11:58:26.339304
k-w8GxCpsCU,78,7,1,0,67,16639,2019-04-06 11:58:27.485302
yxFdue1dCtE,1382,288,70,0,2046,145177,2019-04-06 11:58:28.899468
aAm6AHr14zY,0,0,0,0,0,0,2019-04-06 11:58:30.464474
ryqZUqgjvW8,657,1051,474,0,2701,114111,2019-04-06 11:58:31.670719
I-5CODzeGEE,740,1208,150,0,8127,193077,2019-04-06 11:58:32.790230
FEjZiCPuvqQ,159,563,64,0,2814,90741,2019-04-06 11:58:34.462251
ENr6CXm1YxU,194,155,158,0,5248,432594,2019-04-06 11:58:35.692275
3x0usYgljOk,149,88,5,0,307,21081,2019-04-06 11:58:37.065509
R9c-_neaxeU,839,907,101,0,9673,280916,2019-04-06 11:58:38.460427
VonJ4ASDO40,503,2681,949,0,12173,666588,2019-04-06 11:58:39.644718
iyrefjMs64k,1089,972,893,0,2495,92566,2019-04-06 11:58:40.895481
GKUE2U2qlzY,115,563,140,0,9914,1346416,2019-04-06 11:58:42.053000
N0tmF4j4K6g,200,174,22,0,2679,77991,2019-04-06 11:58:43.265060
SFdO-19Xdho,224,316,132,0,10461,857727,2019-04-06 11:58:44.832254
qK8AcryiniI,30,33,22,0,62,76784,2019-04-06 11:58:46.170793
KLZl_sxSN_g,159,0,0,0,4,1781,2019-04-06 11:58:47.361133
QKwgif8OW1w,40,2,0,0,12,2505,2019-04-06 11:58:48.651671
-JVITToppE0,870,4,2,0,9,762,2019-04-06 11:58:49.940370
sH0Agabp3Rs,133,249,9,0,471,24977,2019-04-06 11:58:51.138895
eijd-yjXY9E,251,111,38,0,820,26742,2019-04-06 11:58:52.763665
fGTfbMioezc,45,78,37,0,605,90753,2019-04-06 11:58:54.273882
8tbQHHso0oY,33,1370,351,0,2242,1437882,2019-04-06 11:58:55.675241
G8gJ4RTBxcg,35,67,23,0,155,581669,2019-04-06 11:58:57.063423
fRj34o4hN4I,55,39498,6247,0,250452,17142221,2019-04-06 11:58:58.494930
coOKvrsmQiI,153,31667,18733,0,254203,42222461,2019-04-06 11:58:59.601333
p8XP7A7kvzM,524,25408,18676,0,512622,40796754,2019-04-06 11:59:00.798118
pOEzjT-SED0,218,34041,38746,0,242664,19224884,2019-04-06 11:59:01.960727
p9wE8dyzEJE,135,9916,2614,0,74779,16907387,2019-04-06 11:59:03.320774
duRDizP0gHQ,1330,7746,1219,0,66583,2487101,2019-04-06 11:59:04.552068
0O2IAz1E9Ts,657,2826,3180,0,71077,4230806,2019-04-06 11:59:06.101174
TyHvyGVs42U,211,340181,628438,0,7916621,1814658621,2019-04-06 11:59:07.250040
16W7c0mb-rE,451,11667,1907,0,186044,4430871,2019-04-06 11:59:08.955623
nRafaCcfrcI,448,30988,8341,0,715888,15394641,2019-04-06 11:59:10.369694
t1shnJT8NCY,394,1450,2811,0,9448,959015,2019-04-06 11:59:11.728751
ixxR3ZoqnF0,60,93424,8738,0,1214993,12692689,2019-04-06 11:59:12.996508
lJFqvRwOiis,479,13049,11967,0,56700,2261680,2019-04-06 11:59:14.309935
9PhM-zCmTFs,146,950,519,0,33382,1714338,2019-04-06 11:59:15.839931
vKbyfdJXoDg,569,3071,1396,0,34236,2742603,2019-04-06 11:59:17.105263
Lxet1zLBTM8,446,7506,2160,0,85610,3889859,2019-04-06 11:59:18.587963
TWpt-ze_cYU,197,70821,1060,0,91151,3229170,2019-04-06 11:59:20.071973
Nz0qoOgyWSQ,0,0,0,0,0,0,2019-04-06 11:59:21.480627
l3xmc0pzzJI,693,6952,1558,0,111881,3417398,2019-04-06 11:59:22.620685
eDelIZDzmwQ,264,597,653,0,11368,1268636,2019-04-06 11:59:23.857967
t1Liix4gi7k,307,2155,2023,0,51206,4555577,2019-04-06 11:59:25.074007
DhwwTxTh5To,408,3219,2438,0,19358,862284,2019-04-06 11:59:26.703440
mZpGOQ7tBKE,439,750,590,0,9107,630566,2019-04-06 11:59:27.919854
CziCidR4KcY,242,7266,2445,0,49073,2701905,2019-04-06 11:59:29.127481
FHl0nIdbiLA,280,4133,4792,0,37979,1968622,2019-04-06 11:59:30.585182
MMGrzOu1amQ,957,23019,2069,0,159897,6074383,2019-04-06 11:59:31.690035
8KT1UCsOE74,773,13115,2707,0,42720,1562895,2019-04-06 11:59:33.001917
U5sCjnezw4o,347,287,97,0,825,146847,2019-04-06 11:59:34.241249
mjBIsBPG1N8,400,404,218,0,11647,423976,2019-04-06 11:59:35.817596
oMupq6zB1Tc,191,4544,1839,0,11710,1539844,2019-04-06 11:59:37.302408
Y2-JjnW3w2g,2591,655,139,0,1674,65214,2019-04-06 11:59:38.783904
PHWAZNkqwN4,306,2662,1683,0,32873,1884986,2019-04-06 11:59:40.363909
UuCq8mtK8J4,238,21050,28612,0,1063984,129433975,2019-04-06 11:59:41.756244
5UL5wZJPLEg,89,363,412,0,10545,1225433,2019-04-06 11:59:43.486245
9pbCuFxRuqs,573,4476,1866,0,34868,1323355,2019-04-06 11:59:45.031521
hXcoq5XDwyA,654,654,166,0,7351,157135,2019-04-06 11:59:46.575118
i9EyFghIt5o,553,959,446,0,6595,192932,2019-04-06 11:59:47.965886
PGWBA_OzCE4,2724,386,101,0,2209,73939,2019-04-06 11:59:49.279732
uN9zBcweN4M,178,557,73,0,1548,254491,2019-04-06 11:59:50.626294
Mmkf4zYlW4E,629,441,112,0,6970,183638,2019-04-06 11:59:51.864462
L9eFkmjIIWA,249,410,100,0,7493,223595,2019-04-06 11:59:53.113194
YjBB89qsupM,173,1352,1741,0,61534,3418902,2019-04-06 11:59:54.612860
UC34HrZhfPM,211,192,14,0,487,42746,2019-04-06 11:59:56.066298
IKuKZIISPE0,131,243,23,0,5641,354485,2019-04-06 11:59:57.597889
svZScJMh4Pg,112,3099,1119,0,56030,1927391,2019-04-06 11:59:59.084180
KOUxLhYVgGw,55,24,12,0,287,16694,2019-04-06 12:00:00.238697
9WT7NU3Rwr0,209,29,5,0,91,15207,2019-04-06 12:00:01.400269
Qj7DVNDb7To,601,7210,108,0,9209,278746,2019-04-06 12:00:02.533221
6j-s9E3dRQ0,144,4680,5959,0,212182,13163370,2019-04-06 12:00:03.877815
dnA3Cd5xG5A,313,1728,696,0,26706,1645947,2019-04-06 12:00:05.082658
LduRwIc7eBA,212,256,58,0,4335,136996,2019-04-06 12:00:06.273546
VSVXhc5LlII,612,4420,2754,0,16830,2158608,2019-04-06 12:00:07.483649
rRsstfoKQeo,30,21,41,0,574,416135,2019-04-06 12:00:09.113972
DVAMKnfrQBk,386,796,369,0,5527,1222276,2019-04-06 12:00:10.662658
x-uBFJLY8Ow,344,19,7,0,268,8705,2019-04-06 12:00:11.803917
qrPPj3e2M-M,266,541,133,0,5773,154469,2019-04-06 12:00:13.070142
QiIlcKiREUU,378,215,51,0,922,201972,2019-04-06 12:00:14.389330
eOQpjvnm4ME,669,3664,2528,0,24130,2566718,2019-04-06 12:00:15.967084
w8vsuOXZBXc,236,15235,6095,0,252293,12270780,2019-04-06 12:00:17.340827
5HOijUtExiM,337,2637,2380,0,30018,1064382,2019-04-06 12:00:18.759436
asu37n6sEBY,196,621,1242,0,19659,2841277,2019-04-06 12:00:20.275583
ZpS-w6BxN-U,511,362,232,0,4458,827804,2019-04-06 12:00:21.493171
Qf1xyI_iKWA,381,1270,387,0,11101,228720,2019-04-06 12:00:22.618824
6uJf2IT2Zh8,230,118857,47781,0,1578373,131916232,2019-04-06 12:00:24.148802
i9GSF3ROa58,176,16984,7333,0,207630,12248525,2019-04-06 12:00:25.650100
BQ_0QLL2gqI,183,14235,13390,0,678411,68412593,2019-04-06 12:00:27.027177
qS6LoRYUdhw,258,6969,1671,0,94551,3494062,2019-04-06 12:00:28.495568
mNhxFzR25Rs,222,1946,327,0,44571,1592385,2019-04-06 12:00:30.058617
djlaHJCXT4o,13,19,124,0,255,57594,2019-04-06 12:00:31.250242
8-u5nd2GqNE,312,17424,3861,0,106502,5655113,2019-04-06 12:00:32.408093
88kkrRv1UgI,363,2291,993,0,17889,535263,2019-04-06 12:00:34.066801
kz3MEd1Jr0Q,206,6622,3569,0,178921,12116963,2019-04-06 12:00:35.324869
By6Mi7VlqcU,60,1271,1559,0,2730,314825,2019-04-06 12:00:36.740946
dcipHnWcB0w,65,691,617,0,10514,1468867,2019-04-06 12:00:38.059460
6GT7PrIIS5I,190,539,827,0,7188,441121,2019-04-06 12:00:39.674040
2r_nGjgqPE0,202,1595,683,0,56053,1882726,2019-04-06 12:00:41.165563
VNqrILFD5h0,97,143,222,0,693,169427,2019-04-06 12:00:42.441280
Pubtjn5QIjg,413,131,887,0,5011,420680,2019-04-06 12:00:43.998726
gk05IMU2RrU,587,717,418,0,12171,307934,2019-04-06 12:00:45.590233
S_5TyDFx6kc,572,462,125,0,16883,334165,2019-04-06 12:00:46.817290
pvg2cw5oshg,199,321,413,0,8309,884881,2019-04-06 12:00:47.983373
mHaJ8xsWD3s,550,1230,478,0,11722,686405,2019-04-06 12:00:49.169734
cDDF4pPwEUU,270,139,6,0,621,51470,2019-04-06 12:00:50.371110
FKA-Jy6nuE0,357,76,131,0,3009,229283,2019-04-06 12:00:51.910152
pQXwQVaQmGk,212,197,34,0,2223,186208,2019-04-06 12:00:53.209853
KhxqJzr6FAE,93,565,47,0,7923,105693,2019-04-06 12:00:54.740351
tG4Fbj1B1bY,121,743,735,0,14673,2108660,2019-04-06 12:00:56.146670
TsYGNNPQ3ZU,175,1587,285,0,21947,506443,2019-04-06 12:00:57.646329
GIn4CeZq7Nw,120,177,144,0,1760,137255,2019-04-06 12:00:59.507810
szs2GAYwMHo,61,203,197,0,6807,1113787,2019-04-06 12:01:00.701433
AJkOHavUH_A,268,4139,6325,0,6686,149440,2019-04-06 12:01:01.811803
kOCkne-Bku4,217,9615,8287,0,616116,70926301,2019-04-06 12:01:03.017833
OlJykKOuank,477,126,44,0,5266,133637,2019-04-06 12:01:04.521386
K6xwB8Kkce0,178,9911,1667,0,281190,5538762,2019-04-06 12:01:05.902612
AJ2xkh-6tL4,1142,292,95,0,406,45588,2019-04-06 12:01:07.108377
Gnxv9OH-giQ,965,2173,378,0,33953,971630,2019-04-06 12:01:08.458467
qqs3fxfmWr4,184,1190,754,0,22214,2855973,2019-04-06 12:01:09.939881
77McSTzTgg8,1734,0,232,0,294,45250,2019-04-06 12:01:11.364300
W8vXDp7NuFs,135,1916,881,0,49544,2149316,2019-04-06 12:01:12.488283
C_SJgw5MVFY,206,263,81,0,2880,87991,2019-04-06 12:01:13.678495
P7zi6oQ4fPQ,77,0,2,0,16,3306,2019-04-06 12:01:14.838290
7xhxjcejONk,113,2,1,0,19,45699,2019-04-06 12:01:16.101766
J7wMOb0WIfQ,31,0,0,0,7,13557,2019-04-06 12:01:17.539600
QJfL0a3qEKw,287,206,19,0,1651,24227,2019-04-06 12:01:18.969564
ZJDMWVZta3M,53,42987,35960,0,523494,88042824,2019-04-06 12:01:20.151429
cH4E_t3m3xM,213,115251,74887,0,2844895,276055060,2019-04-06 12:01:21.437810
60nDlMw5vFQ,273,3362,1258,0,24123,1359975,2019-04-06 12:01:22.656372
LDVXOo_HXKU,248,3045,2929,0,64768,5331957,2019-04-06 12:01:24.161425
_wS7seijyks,635,3278,966,0,32171,1807690,2019-04-06 12:01:25.823285
jGyUVyp9w9g,296,909,495,0,14357,1171438,2019-04-06 12:01:27.297215
tr7I4vokl78,286,903,511,0,7256,1050323,2019-04-06 12:01:28.602638
B4mK5OElAFQ,1427,7234,661,0,30402,719998,2019-04-06 12:01:29.896172
Y1n8F4uClUU,745,4834,2432,0,40413,6829305,2019-04-06 12:01:31.175970
ctx4YBEdOxo,538,14514,4947,0,122394,5087433,2019-04-06 12:01:32.435268
dpeDxEb9yeg,190,1440,821,0,35332,1778056,2019-04-06 12:01:33.942959
D818vkK10UQ,505,509,557,0,14894,549513,2019-04-06 12:01:35.115623
FZiCWBplZ90,512,2895,677,0,39294,593778,2019-04-06 12:01:36.298518
nfbwPTsowEA,67,4039,2000,0,67779,1470287,2019-04-06 12:01:37.606625
JLOFZoBJnd8,840,1403,452,0,42541,1117605,2019-04-06 12:01:38.885952
wJh-jurxmGQ,242,0,236,0,2625,668438,2019-04-06 12:01:40.268225
MGanJGGVSrw,208,4010,2852,0,119748,9361255,2019-04-06 12:01:41.741008
UB1cGaIW81I,234,104,46,0,1808,154022,2019-04-06 12:01:42.980131
iASe_veKR74,210,754,461,0,20252,977626,2019-04-06 12:01:44.486838
KGziD2V8Ppw,345,2597,1341,0,48413,1647859,2019-04-06 12:01:45.989488
IeTTfquV0iE,161,140,56,0,3068,116103,2019-04-06 12:01:47.418328
QaASZecxQww,0,0,0,0,0,0,2019-04-06 12:01:48.871538
FvoPOdop0hA,0,0,0,0,0,0,2019-04-06 12:01:50.018027
g3VgrgV3kFk,68,1,2,0,5,1474,2019-04-06 12:01:51.347917
p7KHGUwqF24,0,0,0,0,0,0,2019-04-06 12:01:52.837715
fdpYWltgYMk,229,44,4,0,718,18089,2019-04-06 12:01:54.297767
aHsfKnrNCG4,24,6,3,0,61,10460,2019-04-06 12:01:55.838699
CvpwGru3s7s,0,0,0,0,0,0,2019-04-06 12:01:57.257566
rO_mAQC9bv0,30,10,2,0,44,17747,2019-04-06 12:01:58.728654
aujUl3yt6nM,68,34,2,0,146,28102,2019-04-06 12:01:59.965378
xhBMUFDdiok,182,84,112,0,2149,137212,2019-04-06 12:02:01.119531
oddXT5uaRb8,233,14185,3338,0,302955,5074835,2019-04-06 12:02:02.340000
D-DYWvnrFs8,117,568,73,0,7101,405505,2019-04-06 12:02:04.030244
AZQvPibYXRo,508,1564,327,0,5130,929612,2019-04-06 12:02:05.537933
UhZ56rcWwRQ,145,11362,10725,0,55476,9215942,2019-04-06 12:02:07.017734
ai_UWoM37dI,529,110031,9820,0,402977,8422234,2019-04-06 12:02:08.315667
LymuZ8abvmc,419,2451,2571,0,18918,2970095,2019-04-06 12:02:09.840468
8mCcM-PUmLM,880,11871,1755,0,152313,3867213,2019-04-06 12:02:11.183051
8sAApdJdG3A,439,1387,306,0,4252,658319,2019-04-06 12:02:12.327389
0s6-iFoCFNQ,298,7259,1919,0,66711,8518083,2019-04-06 12:02:13.895947
aKPz583WRpQ,0,0,0,0,0,0,2019-04-06 12:02:14.990278
n6xzsLDzyBk,0,0,0,0,0,0,2019-04-06 12:02:16.319277
pVypbknP4A8,8427,1743,1031,0,12067,1088103,2019-04-06 12:02:17.431853
WXlr35jV3cw,0,0,0,0,0,0,2019-04-06 12:02:18.642381
XY5OYFc1tzU,99,1759,1406,0,17951,618770,2019-04-06 12:02:19.829932
PliRMGvytnA,965,12397,1868,0,145733,5488125,2019-04-06 12:02:20.980985
A6-P1-xxF9Y,0,0,0,0,0,0,2019-04-06 12:02:22.261395
xnBtEib-H9E,411,654,397,0,5061,490832,2019-04-06 12:02:23.766438
hLgIghY-FGc,1012,17309,4839,0,134573,6880758,2019-04-06 12:02:25.111036
9Tb3xPmr3yg,145,557,62,0,607,95222,2019-04-06 12:02:26.485826
NNywashg_mw,51,111,48,0,216,45031,2019-04-06 12:02:27.610481
5n9xafjynJA,551,5748,1042,0,38680,2579527,2019-04-06 12:02:29.113642
UrSxvUc5R6Q,2279,1034,205,0,2320,85194,2019-04-06 12:02:30.465236
wc4v9uT6GWc,39,93,28,0,174,26872,2019-04-06 12:02:31.582852
Q11GPMvTxQE,686,508,81,0,668,115603,2019-04-06 12:02:32.855633
ssVrzoCgr_w,553,2046,841,0,17444,1965763,2019-04-06 12:02:34.364259
wuEKwkTqdw4,116,571,356,0,268,26708,2019-04-06 12:02:35.916044
n47bRyBKjsw,436,199,72,0,2292,131010,2019-04-06 12:02:37.125061
r15_6z9xryo,437,14534,17035,0,200090,29002412,2019-04-06 12:02:38.712099
fQvGSkTYJSE,466,3943,968,0,12610,1462033,2019-04-06 12:02:40.056724
eKwAib6LosM,283,1889,2485,0,69515,8417181,2019-04-06 12:02:41.617980
KkhR9z6pAMs,62,4,2,0,17,7998,2019-04-06 12:02:42.898606
NSgMcs1KdTI,201,150,149,0,5987,289467,2019-04-06 12:02:44.336098
5PB2YzNddI8,205,1907,1135,0,54157,2515252,2019-04-06 12:02:45.528120
YbHdBoHMxK4,203,598,1152,0,88224,6480270,2019-04-06 12:02:47.058177
aHKzU_rXdw8,185,1272,512,0,40039,1733005,2019-04-06 12:02:48.509917
WbYqfpnw7sE,172,2,0,0,13,4939,2019-04-06 12:02:49.678807
rutlOmdgqgI,226,52,55,0,828,195608,2019-04-06 12:02:51.107785
nUv22OHdjQU,0,0,0,0,0,0,2019-04-06 12:02:52.467717
fEjag-a7TyU,0,0,0,0,0,0,2019-04-06 12:02:54.129616
3k6RD9zVvpE,255,25931,4526,0,500262,18103968,2019-04-06 12:02:55.570499
-El8z4uy5Ac,469,2872,1590,0,24062,1257065,2019-04-06 12:02:57.008543
w2Es7-c9GAk,66,1966,2748,0,11088,2411648,2019-04-06 12:02:58.335545
B-PVT_rclnM,173,1626,1185,0,41901,1144805,2019-04-06 12:02:59.928889
6LuHS7ZeSjE,317,3291,2312,0,81500,5826137,2019-04-06 12:03:01.185819
R8hccXRk3MI,264,1030,1589,0,10809,756165,2019-04-06 12:03:02.486005
wx-M8sxcOp8,511,4910,880,0,11895,1875997,2019-04-06 12:03:03.912544
jH2t4Tcl3Pg,0,0,0,0,0,0,2019-04-06 12:03:05.255018
3oXhLdeuxDw,47,1917,387,0,12483,1356181,2019-04-06 12:03:06.532906
aVpvVq_yZLM,466,1156,858,0,703,178871,2019-04-06 12:03:07.756968
luZEZgZNFAg,247,857,517,0,17640,834305,2019-04-06 12:03:08.938149
zOgle88sKro,150,1223,235,0,27737,859133,2019-04-06 12:03:10.483687
YkLzdHTv3G0,144,1712,1008,0,40360,931685,2019-04-06 12:03:11.702227
FZ_jNGKCIWs,312,2665,973,0,12205,550207,2019-04-06 12:03:12.923913
G_UHknhNbAQ,576,4328,1162,0,29820,1633424,2019-04-06 12:03:14.475493
iBy6XRHPODQ,210,2095,312,0,33215,2398657,2019-04-06 12:03:15.819071
dLRZTBtdMUg,261,161,135,0,3815,243692,2019-04-06 12:03:17.008472
vNya04dlC4I,114,215,293,0,215,79201,2019-04-06 12:03:18.443902
ZkPSbp3zTfo,201,9786,5280,0,117052,6423037,2019-04-06 12:03:20.020466
euaGS3tPRBw,326,3171,2425,0,40769,3202793,2019-04-06 12:03:21.402953
X_tYrnv_o6A,381,6259,454,0,50593,1081374,2019-04-06 12:03:22.872555
FaJmopuuhZE,212,702,374,0,9627,846909,2019-04-06 12:03:24.247233
iatq3Rn4vsg,390,2869,478,0,35202,1781931,2019-04-06 12:03:25.745988
TIQqb80eg24,200,12044,3744,0,211482,6524295,2019-04-06 12:03:27.339247
f45Va7jMSx4,134,429,274,0,13094,460537,2019-04-06 12:03:28.886826
qv9Gt38LOKQ,304,2708,953,0,32771,1295342,2019-04-06 12:03:30.245881
r4a5ZzHclCs,300,311,73,0,5182,131331,2019-04-06 12:03:31.697722
Kn5UgGQukYQ,198,0,0,0,0,44558,2019-04-06 12:03:33.009901
uLHygq6Mm-0,61,205,59,0,1140,122821,2019-04-06 12:03:34.665453
aD5dCMBeySA,294,307,94,0,2313,242184,2019-04-06 12:03:36.137571
U44YLdW9AL4,842,2048,460,0,15987,529842,2019-04-06 12:03:37.692346
cyhU06cXfeU,311,19100,1207,0,110203,2797015,2019-04-06 12:03:39.185217
Djxjmq9pvrM,810,377,245,0,5023,219637,2019-04-06 12:03:40.593977
KQkkgD2p3Ow,266,1468,1313,0,14113,1973918,2019-04-06 12:03:41.717861
caN18WcW5XU,191,116,42,0,1624,142663,2019-04-06 12:03:43.274559
j7I-d1B6HwE,163,80,131,0,374,152765,2019-04-06 12:03:44.714778
VMRIc4ayRlM,2614,3058,568,0,3618,149796,2019-04-06 12:03:46.105973
6SjslBAJkJI,231,1258,818,0,29580,2968686,2019-04-06 12:03:47.427647
WeOwqu6gOPs,331,421,138,0,20685,593635,2019-04-06 12:03:48.843138
F86S9Uc4mP4,130,5971,1305,0,15031,1831474,2019-04-06 12:03:50.047934
ZvdTNDMru78,131,196,258,0,2351,305295,2019-04-06 12:03:51.304935
Q1EgRiVdT5w,212,350,283,0,9045,250202,2019-04-06 12:03:52.620025
nenhv6uTdmw,562,467,325,0,4623,347092,2019-04-06 12:03:53.796071
c8DogLWrs90,166,188,63,0,2075,87177,2019-04-06 12:03:55.078022
jPkRGHivRD8,519,609,224,0,4512,134255,2019-04-06 12:03:56.530849
wPib0uRFmC0,209,404,45,0,6692,172298,2019-04-06 12:03:57.655602
b6fepBtNgVM,178,11042,2789,0,291165,9764961,2019-04-06 12:03:59.123955
A_mlvG_nRsg,0,0,0,0,0,0,2019-04-06 12:04:00.999054
k_YtadXMmD4,18,35,18,0,683,375198,2019-04-06 12:04:02.325897
3jtjkXSvuJw,142,1419,66,0,14466,368548,2019-04-06 12:04:03.903653
D-dwmYeLLng,235,4907,3811,0,135116,5887582,2019-04-06 12:04:05.428539
P1-UTlnjeVg,855,796,435,0,10096,548438,2019-04-06 12:04:06.844045
JYnNlHQzYTY,517,1437,484,0,18222,822156,2019-04-06 12:04:08.170630
p3MjsrMNCbU,538,5542,1655,0,83040,4731271,2019-04-06 12:04:09.412083
yc2m1LLa9l4,0,0,0,0,0,0,2019-04-06 12:04:10.788001
_EvMYEfF_hQ,431,44287,12476,0,683588,25757548,2019-04-06 12:04:12.036805
EBt_88nxG4c,298,47297,53530,0,990990,118805070,2019-04-06 12:04:13.336846
G4BxOhJOmUw,444,4444,1282,0,59181,3449839,2019-04-06 12:04:14.993593
-SIp6xSP7ds,199,1356,1289,0,2721,607284,2019-04-06 12:04:16.541043
0Rt329xQUjM,829,2669,599,0,48394,2607280,2019-04-06 12:04:18.010333
OU9IwxU7N78,356,1332,995,0,22109,1641815,2019-04-06 12:04:19.122325
vkHGedqmIPc,188,1130,306,0,16343,303289,2019-04-06 12:04:20.418011
CxC161GvMPc,298,1695,634,0,40766,1173132,2019-04-06 12:04:21.636484
eZQdQ5pV6EE,682,4872,542,0,36913,841172,2019-04-06 12:04:22.854932
4L-BPQVZYXM,633,6251,1627,0,63567,2170796,2019-04-06 12:04:24.292991
6NAISxSPVSQ,159,902,1729,0,52751,4789831,2019-04-06 12:04:25.512526
G_Pu00NmJfg,582,1828,615,0,28534,1796804,2019-04-06 12:04:27.077050
0dSR-9mtuzk,164,702,294,0,18953,981806,2019-04-06 12:04:28.353367
80GNn_eIOhI,597,7247,2299,0,195750,7015282,2019-04-06 12:04:29.847100
OPaybxgucww,318,2172,2236,0,75417,5651791,2019-04-06 12:04:30.955011
uU3kLBo_ruo,669,8091,3132,0,46982,1867670,2019-04-06 12:04:32.176984
bAfn2duIlN8,910,1306,371,0,10485,373640,2019-04-06 12:04:33.739353
aZdkR_WhA5Q,407,2539,3256,0,82440,5198844,2019-04-06 12:04:35.453430
BQC09Mdn24w,669,4382,2526,0,50577,1342538,2019-04-06 12:04:36.866911
EbuCLC_wVlM,169,780,422,0,38874,1956645,2019-04-06 12:04:38.066602
lfkYyrhWphE,0,0,0,0,0,0,2019-04-06 12:04:39.316604
fbL1ZoAQgUU,196,3069,569,0,12406,2017051,2019-04-06 12:04:40.539257
VUBxPuyUD7w,155,1244,147,0,12833,906585,2019-04-06 12:04:41.633956
vSRAOvhFF1I,316,473,152,0,10540,139843,2019-04-06 12:04:42.916075
HL3wvhv9QGg,315,163,61,0,2757,306134,2019-04-06 12:04:44.377755
7Bgj9c48zHU,429,5627,162,0,29469,437556,2019-04-06 12:04:45.747394
i2ZHwnKVXK0,183,1989,1434,0,37634,3745118,2019-04-06 12:04:47.092348
A8QY1IRPGTY,171,373,71,0,673,133196,2019-04-06 12:04:48.559753
y86ymJNswlE,473,591,152,0,16931,320667,2019-04-06 12:04:50.251105
kKFNThEiilU,31,565,403,0,1499,170174,2019-04-06 12:04:51.815502
lJM8qqEy35c,609,712,94,0,941,236180,2019-04-06 12:04:53.098608
k3tWCZu42PQ,1474,108,50,0,64,11265,2019-04-06 12:04:54.661619
MVes87KrWvs,389,1247,390,0,31826,349287,2019-04-06 12:04:56.082275
ajBJamgZ2nc,177,167,71,0,2522,219354,2019-04-06 12:04:57.582612
YcCrw6d3UX4,55,36,31,0,56,6658,2019-04-06 12:04:58.942896
XHkAjUVoQME,150,509,106,0,6270,432108,2019-04-06 12:05:00.806803
Nt4tJHp27u0,669,1059,188,0,9321,159972,2019-04-06 12:05:02.088690
41kp6qN1Crg,216,81,90,0,4882,578043,2019-04-06 12:05:03.277897
7COF8AhH9Z8,126,152,51,0,220,35289,2019-04-06 12:05:04.452301
k-qUBZWor4I,274,45,8,0,19,13970,2019-04-06 12:05:05.951936
FrK2j4cPxSc,65,65,17,0,50,8109,2019-04-06 12:05:07.327438
c9m52-psUmw,113,5,15,0,69,17051,2019-04-06 12:05:08.797047
YRRczTwopgA,407,645,433,0,2863,58553,2019-04-06 12:05:10.171705
RZU5HebzuP4,30,33,31,0,755,96657,2019-04-06 12:05:11.724629
HHtfcjwHERA,411,119,162,0,2973,99280,2019-04-06 12:05:12.896235
EsBjHXCG4Us,355,3218,872,0,16592,1010116,2019-04-06 12:05:14.370379
pi0ePRY7TSc,1410,3083,17398,0,3260,511757,2019-04-06 12:05:15.708178
cHB_s970Uyw,142,17980,6294,0,160121,6891385,2019-04-06 12:05:16.828171
Z1rZAT2GtmI,272,7653,4535,0,86012,5081678,2019-04-06 12:05:18.222292
OHOkdEBpwDc,830,15672,3033,0,97171,2130127,2019-04-06 12:05:19.433945
l7VfDVVxiMM,758,4493,2823,0,22337,1789001,2019-04-06 12:05:20.937688
V3EYjVPRClU,209,22428,19141,0,373635,36388193,2019-04-06 12:05:22.148329
zYX1bgxEAhw,54,4572,1228,0,28973,1340757,2019-04-06 12:05:23.337638
I8TVdFbFMg4,630,1439,1160,0,17739,999564,2019-04-06 12:05:24.574169
VfAOl67WcLY,294,2316,2133,0,58651,3383621,2019-04-06 12:05:26.047075
mewW_pRSgEc,540,2359,1329,0,18673,1789718,2019-04-06 12:05:27.320011
89PKbJ2NAqc,218,4572,4812,0,213630,26974689,2019-04-06 12:05:28.449248
I6N-XuYllgA,300,8601,2525,0,214793,7572906,2019-04-06 12:05:29.576572
J6iyX87SBP0,373,721,1017,0,5380,433291,2019-04-06 12:05:30.972797
Up09AUDzLVI,480,2682,317,0,18741,672418,2019-04-06 12:05:32.145858
KFaMZUarksA,216,15898,4693,0,295340,13329612,2019-04-06 12:05:33.658427
2Nlo2ekTRvI,886,9432,3171,0,66847,4011107,2019-04-06 12:05:35.134246
CzmIrPvIzxk,284,8050,2314,0,75178,4572918,2019-04-06 12:05:36.525676
RP3UsFrDJfY,0,0,0,0,0,0,2019-04-06 12:05:37.712126
9efQnL-nlUg,367,1437,619,0,16478,630782,2019-04-06 12:05:38.889546
5TLANg1GC7U,895,12740,3349,0,129059,10919139,2019-04-06 12:05:40.136377
fIElFIuzGLI,906,1471,1134,0,7580,347323,2019-04-06 12:05:41.503899
taxAD2LePy8,1267,3852,650,0,52647,786598,2019-04-06 12:05:42.880970
1dQEfL2BfUM,406,828,430,0,24555,464048,2019-04-06 12:05:44.557815
CKPMAICRYuw,419,313,283,0,13309,1187236,2019-04-06 12:05:45.912260
NWQqJDGo4Z4,0,0,0,0,0,0,2019-04-06 12:05:47.380961
Lg5x-YWxpco,0,0,0,0,0,0,2019-04-06 12:05:48.502784
pDf5sHgvo0A,145,3746,2135,0,19106,1887407,2019-04-06 12:05:49.769549
mH-Sx0lEGjA,110,1280,223,0,32703,1214242,2019-04-06 12:05:50.948805
TSW9cla5bmw,465,552,106,0,5449,292460,2019-04-06 12:05:52.140015
puREqwXzyCI,160,1740,1106,0,14324,273435,2019-04-06 12:05:53.486903
LqSkYMmyUWU,33,1269,240,0,12466,764631,2019-04-06 12:05:54.711866
M6LTqtYKDtI,205,4934,3522,0,105452,8473014,2019-04-06 12:05:56.235601
3IaL0li-LWU,272,4995,913,0,4487,228312,2019-04-06 12:05:57.747065
vFK7oWLWapc,757,4322,2766,0,22618,809616,2019-04-06 12:05:58.989631
Da2crn5NXc4,1150,415,3621,0,78375,1392218,2019-04-06 12:06:00.152016
GyvRamX1VyA,583,10900,5113,0,219742,7334182,2019-04-06 12:06:01.265436
Yq4_YocuVeg,68,265,84,0,3447,320551,2019-04-06 12:06:02.395698
0PW9MWDWLH8,455,943,72,0,12452,181495,2019-04-06 12:06:03.570408
SJUhFjNfaZY,55,100,54,0,766,92539,2019-04-06 12:06:05.025105
TfHJJeiS-aI,198,147,103,0,3510,483077,2019-04-06 12:06:06.397936
leFNoUJmJ9o,896,747,42,0,5053,133052,2019-04-06 12:06:07.939704
X5DWRXTOUD0,1134,4622,2171,0,58914,1291824,2019-04-06 12:06:09.116517
Zxag9p-63RU,140,1365,1227,0,14535,4231141,2019-04-06 12:06:10.385029
FaxqVBYVOVU,5113,5149,664,0,82939,1965655,2019-04-06 12:06:11.515136
HszBf-CJeVE,100,5224,1838,0,170859,5305508,2019-04-06 12:06:12.661840
-xt_j2aIAkg,0,0,0,0,0,0,2019-04-06 12:06:13.982660
FTv-CE43PpM,2350,731,266,0,2156,116327,2019-04-06 12:06:15.551343
UQHSK-kgONk,171,811,357,0,16396,1595765,2019-04-06 12:06:16.973366
_akwfRuL4os,256,2485,269,0,10938,349594,2019-04-06 12:06:18.457021
XcUiOyKclOI,263,631,176,0,13807,818052,2019-04-06 12:06:20.037711
CWrjDoEBQsw,815,2468,432,0,28701,1018456,2019-04-06 12:06:21.413249
pmdVVDkvJXU,325,348,47,0,2696,202669,2019-04-06 12:06:22.743823
IuYFvaNHJug,0,0,0,0,0,0,2019-04-06 12:06:24.274804
Yhea380bYp0,146,1611,453,0,25769,746514,2019-04-06 12:06:25.625292
8HTdbCohTXY,124,481,181,0,291,26182,2019-04-06 12:06:27.031727
7cTi6PHUqMw,3329,571,88,0,1495,44134,2019-04-06 12:06:28.508526
WKcYTvyoidw,137,271,72,0,1310,64437,2019-04-06 12:06:30.058186
NYizLfEYKuY,234,1025,977,0,9383,1539427,2019-04-06 12:06:31.572265
2a52cBN9qOA,173,26,3,0,18,3867,2019-04-06 12:06:32.878435
v6d1rShfyZk,13,7,18,0,4,16996,2019-04-06 12:06:34.148689
mN4JWnTOSmg,61,162,30,0,1436,167808,2019-04-06 12:06:35.725103
t5SXnaaOJfY,109,83,119,0,301,112550,2019-04-06 12:06:37.197896
SW3X7-gk8q0,222,5076,903,0,49002,1357810,2019-04-06 12:06:38.704051
qvLyNeMGdR4,33,3,0,0,15,2662,2019-04-06 12:06:40.261926
XisRqF3ympA,477,87,19,0,591,37131,2019-04-06 12:06:41.819587
jR5k_1Jgf2Y,0,0,0,0,0,0,2019-04-06 12:06:43.402231
VjEyUUQP1s8,304,32,2,0,362,9392,2019-04-06 12:06:44.763386
5HUCAF6898w,497,8,6,0,123,14592,2019-04-06 12:06:45.986041
rovAxg5A48Q,781,13,5,0,56,8531,2019-04-06 12:06:47.283789
nkXGohB02V0,109,1585,1175,0,46014,2477778,2019-04-06 12:06:48.474190
wV7RsaTY228,760,4683,11814,0,23467,2866053,2019-04-06 12:06:49.971282
9VH4yQrU_SY,281,453,207,0,5858,1428629,2019-04-06 12:06:51.477990
1lGHZ5NMHRY,0,0,0,0,0,0,2019-04-06 12:06:52.688154
Wen6VQS6NG4,354,2976,2748,0,34185,2388974,2019-04-06 12:06:54.148436
6VoJHrdoIJw,0,0,0,0,0,0,2019-04-06 12:06:55.630411
JaNmH8A-4NM,245,1758,754,0,19707,1176825,2019-04-06 12:06:57.168059
s7wLPGmnahE,90,161,264,0,2164,416647,2019-04-06 12:06:58.544722
KIFiLnPHUoM,2125,7,9,0,83,4655,2019-04-06 12:06:59.699079
aXLS_WDIugk,66,10,9,0,189,48995,2019-04-06 12:07:01.245446
a9i2wTxsxV0,30,8,0,0,33,9356,2019-04-06 12:07:02.522442
avDL9JRcmgs,44,4,2,0,25,20242,2019-04-06 12:07:03.671213
TncLBbJ8SZo,91,63,13,0,351,16079,2019-04-06 12:07:05.273961
mqbwgqoF64Q,180,14,5,0,181,19223,2019-04-06 12:07:06.544679
LmO1y1ISuak,727,335,28,0,2360,68180,2019-04-06 12:07:07.870314
xGz_FZ0ePwE,245,7448,3989,0,21995,1843934,2019-04-06 12:07:09.511846
kTlv5_Bs8aw,274,955644,203228,0,6930709,466923767,2019-04-06 12:07:11.020316
LgmxMuW6Fsc,224,8729,8208,0,173196,15102308,2019-04-06 12:07:12.127527
RK_B4Ez4_5Q,0,0,0,0,0,0,2019-04-06 12:07:13.387242
AcoALQl7jfA,289,485,496,0,5281,558104,2019-04-06 12:07:14.753642
kn4kBibdlWA,526,1251,1431,0,16815,2503099,2019-04-06 12:07:16.018185
uUvgMnzplt4,305,12552,2774,0,243115,5702384,2019-04-06 12:07:17.492581
IumYMCllMsM,233,21411,27399,0,1024559,111344831,2019-04-06 12:07:18.619148
hGoQ44SfV-c,177,3164,1313,0,26272,1719508,2019-04-06 12:07:20.078293
UiWGp8dFr5k,118,426,357,0,4696,547016,2019-04-06 12:07:21.345420
_r9GPgvN8As,93,1194,1041,0,12799,2544125,2019-04-06 12:07:22.849602
yTyLXFAIfOI,296,726,151,0,7706,330165,2019-04-06 12:07:24.415889
PE7ZhHirBFk,226,208,31,0,1759,35709,2019-04-06 12:07:25.947525
VdugkldCx10,173,1728,1363,0,32205,3833232,2019-04-06 12:07:27.399549
9vlKOFd73XM,0,0,0,0,0,0,2019-04-06 12:07:28.977245
wFEAoF7RC7Y,361,129,8,0,649,99912,2019-04-06 12:07:30.430016
MfLcjWq6m9o,62,50,58,0,1003,77294,2019-04-06 12:07:31.632586
RO41_2cWSXA,73,402,177,0,3533,69155,2019-04-06 12:07:32.821710
QY83PJXQYXc,178,297,47,0,2678,47175,2019-04-06 12:07:34.384566
QME3eyBXqpU,165,117,62,0,7348,421326,2019-04-06 12:07:35.895851
yef_HfQoBd8,56,3136,1689,0,29001,3190668,2019-04-06 12:07:37.116464
JANApS0P4z8,278,8694,6643,0,183739,5792008,2019-04-06 12:07:38.435166
CzCfd0eaWoA,450,8547,1262,0,100308,1824900,2019-04-06 12:07:39.909516
nGv8FK28g4s,1508,1703,896,0,18240,555901,2019-04-06 12:07:41.077266
AxWxJNHoLC8,260,2485,1748,0,24923,1113928,2019-04-06 12:07:42.314690
qKh7JdoPZz4,899,13732,387,0,59453,987370,2019-04-06 12:07:43.526175
dHDn26UX4aw,81,1528,1293,0,12533,935034,2019-04-06 12:07:44.692587
gwrfwx1QcDQ,627,53583,2283,0,340811,4791351,2019-04-06 12:07:45.881532
hXzcIoq2ing,303,3154,997,0,36694,1062084,2019-04-06 12:07:47.046019
U22EEAK_VLc,286,274,186,0,6074,192305,2019-04-06 12:07:48.402059
VQdKe6_3PAU,707,1297,347,0,14005,400666,2019-04-06 12:07:49.536700
jLZuaFZWa7A,150,3919,1431,0,29542,1500825,2019-04-06 12:07:50.928082
xArN1yUcXXc,306,449,675,0,5049,785560,2019-04-06 12:07:52.090724
4sXyLTk0IAQ,0,0,0,0,0,0,2019-04-06 12:07:53.204351
aobdrJr6UaE,452,531,496,0,5000,174470,2019-04-06 12:07:54.312215
AFZZNlog8sA,191,108,150,0,5452,498010,2019-04-06 12:07:55.803071
07bTt0BTi-U,695,3969,1595,0,37773,2222264,2019-04-06 12:07:57.003557
uO_8d1t5Xh4,154,1586,438,0,56650,2964793,2019-04-06 12:07:58.460773
tj3EKWwIulQ,68,0,0,0,0,23327,2019-04-06 12:07:59.598068
Ft-cmkjgOlk,601,1189,4498,0,8929,2165624,2019-04-06 12:08:01.261857
Y8JGfi4MJ8k,135,13,2,0,161,35808,2019-04-06 12:08:02.545986
qXivpclxftM,835,35390,6686,0,345467,10663568,2019-04-06 12:08:03.763582
wppAQ8uZpfQ,206,6681,6271,0,40062,955686,2019-04-06 12:08:05.322203
515lLZS082U,166,5643,4927,0,142488,16037471,2019-04-06 12:08:06.565846
iA5u80nS1PQ,115,5703,2487,0,82785,5491075,2019-04-06 12:08:08.073330
H-kKZujl8CI,24,244,399,0,1002,535844,2019-04-06 12:08:09.199281
F1b5ouja_VI,3399,2868,700,0,60191,1666093,2019-04-06 12:08:10.414068
pmS2oJQ8SIs,32,159,245,0,442,122734,2019-04-06 12:08:11.824199
VSJ0STT8JRw,237,3196,1124,0,48265,2137225,2019-04-06 12:08:13.035399
sfweKCYOPFc,113,688,2590,0,6036,820502,2019-04-06 12:08:14.483593
NDBwsMIXlMk,0,0,0,0,0,0,2019-04-06 12:08:16.079861
Bzji05zubSc,3841,1469,464,0,5027,968441,2019-04-06 12:08:17.228737
f9psILoYmCc,179,280,1055,0,30153,1636730,2019-04-06 12:08:18.743086
_6uvQtccJss,523,49022,1452,0,83571,1739081,2019-04-06 12:08:19.871816
uPyLIBSVrMw,732,28479,821,0,171418,3380111,2019-04-06 12:08:21.320756
t4ZsyO1n-kA,122,1413,427,0,31005,2090300,2019-04-06 12:08:22.760058
dpLrlEBFq-0,336,24175,18362,0,433390,25318151,2019-04-06 12:08:24.237965
VoAzRs3sE70,169,629,694,0,15355,1273091,2019-04-06 12:08:25.743054
VUbsFtLkGN8,386,5755,2243,0,44125,1913269,2019-04-06 12:08:27.264565
5WUDfviiKRE,97,165,312,0,109,23239,2019-04-06 12:08:28.897234
PtNRJvsLHV0,170,77,152,0,2021,228535,2019-04-06 12:08:30.415335
npcqBt_e4k0,360,5858,1177,0,42831,2040447,2019-04-06 12:08:31.568350
MU29Wqg_BVo,1119,1427,343,0,24368,505933,2019-04-06 12:08:32.703455
6JvRVILczps,0,0,0,0,0,0,2019-04-06 12:08:34.160093
gO_QM9oUcM0,145,237,93,0,1435,183152,2019-04-06 12:08:35.693561
Xk_Gv89jzas,28,14,14,0,71,8236,2019-04-06 12:08:36.841633
THr_seahKUI,60,18307,25530,0,39435,3150302,2019-04-06 12:08:38.076590
uZ1M3DkKCEI,214,20830,19597,0,375995,27630980,2019-04-06 12:08:39.528483
5qxqo2CQakA,244,3811,9662,0,56347,4329840,2019-04-06 12:08:40.825967
UVaeRX9LybU,994,0,2118,0,65686,1646969,2019-04-06 12:08:41.921579
NKin_i1pcFA,1655,10369,1719,0,45776,3009566,2019-04-06 12:08:43.186974
QzfnWcHhdyQ,699,3161,1334,0,14660,2348602,2019-04-06 12:08:44.466683
UqItlHUSN-4,199,19569,9098,0,238872,20399591,2019-04-06 12:08:45.842618
f3uZxD39awA,181,1918,1977,0,3060,598931,2019-04-06 12:08:47.122607
2mrOcJNPxEc,239,870,471,0,1488,274927,2019-04-06 12:08:48.593734
GBhrvR838Ag,70,949,714,0,1243,180639,2019-04-06 12:08:50.000794
w2A8q3XIhu0,216,1134,335,0,29900,823979,2019-04-06 12:08:51.164732
2fGXDFiFBhg,504,68557,28810,0,297446,10359446,2019-04-06 12:08:52.464286
LQicq60aJaw,1226,13923,4924,0,88112,9874186,2019-04-06 12:08:54.073270
o7OwzKm8aa0,475,2143,557,0,27966,458281,2019-04-06 12:08:55.775201
sOIBkZsGb0A,347,673,423,0,7308,253552,2019-04-06 12:08:57.261179
QssLKnUk6pg,137,468,186,0,4736,294761,2019-04-06 12:08:58.874104
lOT0GOyw2pY,513,5300,3588,0,29376,1442213,2019-04-06 12:09:00.050579
d-NCySETRIc,46,815,225,0,9221,953287,2019-04-06 12:09:01.326444
m7CtnR47w20,648,2010,364,0,26682,767414,2019-04-06 12:09:02.448628
KrxDhokzEv4,318,5125,1703,0,35381,1718613,2019-04-06 12:09:03.586177
IOuFE-6Awos,262,27337,6680,0,434717,15395538,2019-04-06 12:09:05.042349
X26e3rK5SSM,254,6129,3490,0,11407,1620331,2019-04-06 12:09:06.272630
bkwLxcfcKTY,476,244,80,0,3093,72082,2019-04-06 12:09:07.647277
XAzqBDFs418,149,10904,2987,0,320579,6709548,2019-04-06 12:09:09.103443
AV5TOlGFHk0,394,3399,440,0,4254,148300,2019-04-06 12:09:10.307750
RQOgG4MLh1I,0,0,0,0,0,0,2019-04-06 12:09:11.885479
aQzai9oXb-g,970,1137,358,0,21015,683207,2019-04-06 12:09:13.172634
VKW64fQwzRc,494,596,51,0,850,115018,2019-04-06 12:09:14.424437
SCR1KeLDZxw,392,93,69,0,1044,60047,2019-04-06 12:09:15.708613
Ort8rZdpoXo,0,0,0,0,0,0,2019-04-06 12:09:17.094239
8pffcngJJq0,87,0,158,0,795,1457972,2019-04-06 12:09:18.240960
f0H4h0sfZIU,33,74,11,0,85,72248,2019-04-06 12:09:19.661394
wgiW1uFZYr8,461,2933,958,0,41428,1429498,2019-04-06 12:09:21.118796
2UPIKvHp_m8,58,0,3,0,19,4259,2019-04-06 12:09:22.389942
2nshBD9EbxE,842,7071,5761,0,173244,11615180,2019-04-06 12:09:23.615703
zbV1zyg_4qU,588,1530,261,0,7156,266608,2019-04-06 12:09:24.838378
JcC5VGOx8I8,206,6114,3860,0,356344,20462182,2019-04-06 12:09:25.995162
ir8UofAKNCM,217,1877,616,0,27755,3237053,2019-04-06 12:09:27.422470
gm5P74vcB84,550,238,104,0,3752,238875,2019-04-06 12:09:28.636512
ilaSwO2fx40,117,1647,182,0,2612,585132,2019-04-06 12:09:30.235494
qgGooEyeNNc,280,3193,514,0,74348,2053605,2019-04-06 12:09:31.382201
Wiq7z_HS5DY,39,96,79,0,1455,153973,2019-04-06 12:09:32.597903
lR-oJvKJyUY,680,10174,4635,0,83915,5186583,2019-04-06 12:09:33.871030
Dkut3XLIVrI,202,422,209,0,7485,243441,2019-04-06 12:09:35.119961
feDs1pIhTFQ,283,739,182,0,19592,807162,2019-04-06 12:09:36.281529
EJ-4nFz5hjU,457,29227,5779,0,334597,5388940,2019-04-06 12:09:37.692004
Z9cB0TjfIkM,398,6903,1604,0,91540,4382314,2019-04-06 12:09:39.170748
a8gzChJsvEo,1013,7937,4222,0,50676,2810249,2019-04-06 12:09:40.861350
ykHeGtN4m94,112,7780,5469,0,121070,6921726,2019-04-06 12:09:42.044406
YL9sNrOlK-I,143,2015,1029,0,40527,4448508,2019-04-06 12:09:43.522565
lb0Ymam2Za0,300,52348,2426,0,89044,1765646,2019-04-06 12:09:45.044750
wa9ZyarpM2U,522,3256,3017,0,115795,6808168,2019-04-06 12:09:46.222564
pJ96Z2PPKI8,0,0,0,0,0,0,2019-04-06 12:09:47.837588
ljEjBIZ2qCQ,199,1597,440,0,13722,384573,2019-04-06 12:09:49.195842
3XklsSF53pc,454,3354,1412,0,56220,3561523,2019-04-06 12:09:50.772365
LeWtF5y9-6Q,157,995,517,0,17950,809305,2019-04-06 12:09:51.913485
NqntFonA2iY,203,3732,9673,0,3647,817329,2019-04-06 12:09:53.069400
nVrkQyLS4oE,525,1774,430,0,34636,536778,2019-04-06 12:09:54.621995
jtVz0qxQM_U,186,9984,1688,0,175543,4197179,2019-04-06 12:09:56.234745
LqF3QRp3VCE,430,1199,259,0,6997,492140,2019-04-06 12:09:58.098802
d8GHT9nK66Y,183,1806,4717,0,116917,24455237,2019-04-06 12:09:59.409457
QgaYsdnOMiM,885,2484,436,0,31386,1026373,2019-04-06 12:10:00.645532
-1yT-K3c6YI,999,1665,359,0,18963,746884,2019-04-06 12:10:01.841516
exYLX9xGoyo,601,6870,428,0,43716,1485868,2019-04-06 12:10:03.078358
0WPYpeJA__U,138,77,40,0,625,142879,2019-04-06 12:10:04.190258
xe8Id7pDNOM,477,6289,511,0,28420,1146160,2019-04-06 12:10:05.672438
4FgV0yBZG6E,261,1042,515,0,22588,1316332,2019-04-06 12:10:07.095626
3MA_64gyaA0,740,2946,870,0,34386,1551785,2019-04-06 12:10:08.373714
pDi7cezk9CA,285,34174,6852,0,374467,4573875,2019-04-06 12:10:09.802246
BOQ-wZQhZZo,499,8989,1980,0,226621,8496711,2019-04-06 12:10:11.186599
JbQ4MwDdxSU,520,1159,294,0,5044,700037,2019-04-06 12:10:12.343819
UXm1xHECZu0,346,3556,478,0,58783,2094575,2019-04-06 12:10:13.663018
aliDVYH08pg,670,490,338,0,9699,512055,2019-04-06 12:10:15.292640
q9bGAAYR2MY,527,873,421,0,20415,541042,2019-04-06 12:10:16.460010
e5IRkF20JmU,575,10320,896,0,38599,829083,2019-04-06 12:10:17.983502
ngMbosIcDRo,188,764,77,0,660,45270,2019-04-06 12:10:19.108670
al0lGtRpO5M,152,1737,67,0,15216,347459,2019-04-06 12:10:20.365748
Wzvr_rtI82w,235,44131,1290,0,154962,1625156,2019-04-06 12:10:21.554924
8rWuGBPA7bE,26,457,223,0,7884,1657772,2019-04-06 12:10:22.677832
6tiphMs-dCY,289,3748,3425,0,123885,7684754,2019-04-06 12:10:24.194377
WLagbArQsuE,244,2492,1088,0,53001,2599596,2019-04-06 12:10:25.603417
4iN6uiOsCr0,388,6426,61,0,7693,179878,2019-04-06 12:10:27.037249
S2Cq_TpNXoQ,499,1170,987,0,10031,498403,2019-04-06 12:10:28.263016
Fjm81OPZbpU,324,3121,3444,0,110548,8999259,2019-04-06 12:10:29.898083
VXFQWu55vO8,752,859,774,0,4472,261549,2019-04-06 12:10:31.346578
w_b63zETbSs,122,72,110,0,654,101133,2019-04-06 12:10:32.692517
hkFYWyy9Jek,199,6261,755,0,138859,1934309,2019-04-06 12:10:34.225966
OScBxa6FpCk,202,1608,203,0,16124,941526,2019-04-06 12:10:35.663025
hYip_Vuv8J0,1070,4618,2826,0,40297,2041707,2019-04-06 12:10:37.113998
sw7RElt-SvE,141,259,173,0,3133,536250,2019-04-06 12:10:38.461502
yF_EbNjQq3E,90,200,13,0,1475,106073,2019-04-06 12:10:40.006993
oBVr0nUC5AA,74,304,27,0,824,34411,2019-04-06 12:10:41.464492
2omJBSQcm5g,0,0,0,0,0,0,2019-04-06 12:10:42.869513
lQ9EpoaNQRc,114,152,24,0,1996,263445,2019-04-06 12:10:44.045840
jmqRuQGdhLs,117,71,55,0,586,92625,2019-04-06 12:10:45.217445
_feQprPLL98,187,678,118,0,20278,677412,2019-04-06 12:10:46.405669
rtJ7JTApIfM,331,1959,1271,0,4537,182650,2019-04-06 12:10:47.764601
fRFCXQ3HgdY,638,553,151,0,1770,340611,2019-04-06 12:10:48.874905
ds3tvjwdmGM,126,102,105,0,1070,82909,2019-04-06 12:10:50.066101
npCluN5VHF0,539,421,46,0,3742,67199,2019-04-06 12:10:51.332689
mUcUy7SqdS0,2298,766,106,0,7371,210198,2019-04-06 12:10:53.022367
VTVLcK2zybM,164,21291,2278,0,171194,8720601,2019-04-06 12:10:54.289892
iLN0_ghe-Tc,5301,82,36,0,823,208419,2019-04-06 12:10:55.523988
BGk6_KEFtLE,110,1,2,0,57,11277,2019-04-06 12:10:56.882221
7QLZXfVJmEY,566,1698,1230,0,26678,1598444,2019-04-06 12:10:58.147237
1Apnffv9Yko,0,0,0,0,0,0,2019-04-06 12:10:59.524277
h2DY-VCtb54,69,17,5,0,65,9039,2019-04-06 12:11:01.232996
MhneJpcGVD8,80,62,13,0,513,45829,2019-04-06 12:11:02.388750
oWithLP0VlQ,0,0,0,0,0,0,2019-04-06 12:11:03.598675
6ZfuNTqbHE8,145,477202,84658,0,3487341,222878957,2019-04-06 12:11:04.743373
nx1R-eHSkfM,63,0,0,0,0,4222336,2019-04-06 12:11:05.936446
evhLzq7Gsak,211,7468,5180,0,12789,2592630,2019-04-06 12:11:07.187836
My4RA5I0FKs,603,36911,16168,0,586857,36544889,2019-04-06 12:11:08.385882
WeyLEe1T0yo,240,6416,4318,0,72462,3990781,2019-04-06 12:11:09.612769
KXHrCBkIxQQ,132,1734,2043,0,15708,5889110,2019-04-06 12:11:10.871718
7AXo-bYGXI4,216,9711,8775,0,357386,37548342,2019-04-06 12:11:12.004872
REt-3P5h4Lo,237,3402,4028,0,107283,4355526,2019-04-06 12:11:13.177989
v1OhsiZjpww,89,15,1155,0,3429,1282170,2019-04-06 12:11:14.378503
0EQuVfP-vXs,0,0,0,0,0,0,2019-04-06 12:11:15.840162
XJBvP-NZJ9U,0,0,0,0,0,0,2019-04-06 12:11:16.994637
0nybdPCuvRI,59,1298,326,0,3746,915132,2019-04-06 12:11:18.585120
BIPpvsf98wI,0,0,0,0,0,0,2019-04-06 12:11:19.908381
ZfHiw_LFNGw,139,3675,8954,0,28146,7448737,2019-04-06 12:11:21.088825
ggpoZyF2lU0,77,839,738,0,37111,1801390,2019-04-06 12:11:22.468267
qEklBC2BQig,1905,350,40,0,4291,164674,2019-04-06 12:11:23.845971
F0rXPrnC_Ps,376,3015,951,0,128347,4809857,2019-04-06 12:11:25.354896
xegUPsJaUKc,304,434,120,0,8071,130342,2019-04-06 12:11:26.769476
LYX7CnSiBSM,205,1487,381,0,27910,1111584,2019-04-06 12:11:28.001550
y7QjFRtt-sg,306,1379,232,0,54373,935695,2019-04-06 12:11:29.311691
1vc1cKeor5A,524,1014,94,0,5211,145274,2019-04-06 12:11:30.635598
JDK3l9TmwAo,168,514,1701,0,2772,359478,2019-04-06 12:11:31.875118
W8_T7MMywcs,1445,251,66,0,2451,116628,2019-04-06 12:11:33.134622
CXK3OiDgymo,421,1011,404,0,36367,1321934,2019-04-06 12:11:34.568280
IbVR4kzVQrk,100,190,140,0,1033,176084,2019-04-06 12:11:35.891689
EP5ExDvQ3p4,2932,531,114,0,2358,83660,2019-04-06 12:11:37.321225
L34y5NGMQBY,478,115,13,0,632,21221,2019-04-06 12:11:38.716763
fy5hua8oEVQ,0,0,0,0,0,0,2019-04-06 12:11:40.209128
-v-_Z11T5L4,703,561,197,0,10016,369159,2019-04-06 12:11:41.679299
XvHgyZYz2LY,264,361,158,0,6536,358936,2019-04-06 12:11:43.218081
_KEN-cxmGw8,91,5265,3049,0,19292,2467206,2019-04-06 12:11:44.645451
piyds9slayg,391,13,29,0,1269,134298,2019-04-06 12:11:45.987998
o9zRQijCN5w,214,6936,8452,0,394519,35706106,2019-04-06 12:11:47.458573
Em8C6AvD4sk,434,1245,1048,0,9141,958492,2019-04-06 12:11:48.708181
TNRrY8m71u4,789,1987,477,0,13057,1220093,2019-04-06 12:11:49.895403
9QkNE2m4ZDM,287,84,18,0,525,50993,2019-04-06 12:11:51.441925
FA_gIAGNDQ8,131,659,243,0,4179,396107,2019-04-06 12:11:52.695133
d7E3F0Vt2rE,84,193,240,0,930,39484,2019-04-06 12:11:53.913607
PcYo_bdCvTk,306,158,23,0,591,65500,2019-04-06 12:11:55.381990
lD0etN63KCg,256,51,35,0,821,36296,2019-04-06 12:11:56.772341
KWn4JmiM2pM,81,113,18,0,115,9016,2019-04-06 12:11:57.928262
J0VUaYYK-zk,98,50,90,0,918,53856,2019-04-06 12:11:59.588507
aLSG3178eD4,45,0,0,0,0,2922,2019-04-06 12:12:00.757560
hQlXLdZtX6s,206,86,155,0,1802,56857,2019-04-06 12:12:01.931034
Upems4CB_ps,31,239,53,0,754,137112,2019-04-06 12:12:03.177597
0devsSCkYRY,0,0,0,0,0,0,2019-04-06 12:12:04.341577
6OSySP61QuA,202,801,517,0,2271,289322,2019-04-06 12:12:05.752459
PtR_Wzf94C4,0,0,0,0,0,0,2019-04-06 12:12:07.201252
Stbz2qg3ACc,31,318,112,0,1036,82491,2019-04-06 12:12:08.550424
XbuQAbG2AZ0,2110,4566,1851,0,49676,2765613,2019-04-06 12:12:10.003519
8z_cg5CypRc,604,12681,2707,0,213789,13058780,2019-04-06 12:12:11.474738
TsT5GLWgSkU,63,5326,3235,0,91460,1244681,2019-04-06 12:12:12.586428
LU6xDgpnIyM,1105,98244,4928,0,649572,8460710,2019-04-06 12:12:13.941865
k_aT3jAK_QU,426,475,450,0,4790,645187,2019-04-06 12:12:15.064879
aT1gOazMMm8,292,6396,1771,0,78593,6367050,2019-04-06 12:12:16.389364
tuONqBMf3XA,1483,6182,2175,0,41284,1976613,2019-04-06 12:12:17.649411
SFr0fCgrTNQ,1229,17373,4232,0,194654,6495780,2019-04-06 12:12:18.789212
-9OfAHgdV8Y,0,0,0,0,0,0,2019-04-06 12:12:20.320874
fLwKs5yslSU,147,10437,2414,0,253067,4968526,2019-04-06 12:12:21.517092
pCfmsVFCPmY,218,1376,531,0,33964,560997,2019-04-06 12:12:22.650324
rdJdJpwmcKU,240,3181,696,0,22737,682167,2019-04-06 12:12:23.980691
sk-DFZh1G1w,700,17873,1227,0,48681,1092249,2019-04-06 12:12:25.542667
nMbUA7dghlk,374,4085,1756,0,70725,2627191,2019-04-06 12:12:27.091056
we2XODhx-CM,385,503,575,0,11035,909625,2019-04-06 12:12:28.450984
Iay3Wu6wybA,253,2431,2908,0,43050,3086817,2019-04-06 12:12:29.966306
h5XzGyjEkkc,102,50228,9327,0,398696,20683754,2019-04-06 12:12:31.314510
Fh3zmz7Ravw,0,0,0,0,0,0,2019-04-06 12:12:32.657868
sTvY9Llqtms,307,6469,2660,0,109726,4719952,2019-04-06 12:12:34.084184
izwomieBwG0,620,5509,1372,0,43561,1867921,2019-04-06 12:12:35.433934
ZBXZojt6dpM,224,608,334,0,13147,368898,2019-04-06 12:12:36.903598
Lwfhn_MiTTg,565,2861,342,0,45632,741225,2019-04-06 12:12:38.468032
pWZnhJay0Y8,452,1350,706,0,2831,178417,2019-04-06 12:12:39.995754
0vhxoVwqZkk,553,2825,449,0,87903,1762271,2019-04-06 12:12:41.714722
kehML-RAkd4,663,9856,1097,0,122899,3193287,2019-04-06 12:12:43.303844
0xCggNCs2kU,244,865,410,0,20431,628646,2019-04-06 12:12:44.494719
BLts9UN_K3g,231,530,124,0,5644,162657,2019-04-06 12:12:45.747558
CV0J3Bq3BIc,67,998,160,0,10380,912764,2019-04-06 12:12:47.023542
2BIx2x-Q2fE,560,1534,186,0,21954,515133,2019-04-06 12:12:48.230156
aTvw9_dxBlk,357,141,18,0,168,34069,2019-04-06 12:12:49.773831
0MyCrMrkMFo,919,1380,1179,0,29914,1001330,2019-04-06 12:12:51.289416
UAdJvXMIlXc,75,623,354,0,8143,1501791,2019-04-06 12:12:52.770715
Q9B45wXYpzc,68,30,1,0,48,6268,2019-04-06 12:12:53.894123
4qakFfGRV4E,0,0,0,0,0,0,2019-04-06 12:12:55.320624
4SvJgnhnUag,47,85,3,0,564,24631,2019-04-06 12:12:56.725692
TPcV_3D3V2A,160,601,1422,0,8755,5429775,2019-04-06 12:12:57.866948
Zx7p_tmWlq0,1169,0,36,0,72,15088,2019-04-06 12:12:59.368565
2nJ3U5dzvPs,252,352,188,0,3939,270608,2019-04-06 12:13:01.016679
ri1m5j_yq8A,53,345,85,0,3198,449273,2019-04-06 12:13:02.385220
sQi0Yu1ApyE,160,1364,1106,0,26218,4225472,2019-04-06 12:13:03.654573
6d6SmcYcP_U,192,687,230,0,4188,541928,2019-04-06 12:13:05.138722
Ah7ldw_WmtE,33,1521,653,0,37816,904069,2019-04-06 12:13:06.297283
dQLlS4l1UJk,203,1753,2127,0,77505,6224501,2019-04-06 12:13:07.467691
lRdsL1z7Ml4,124,1958,683,0,52113,3669947,2019-04-06 12:13:08.788282
B450jhJ5vHg,84,19,24,0,266,37422,2019-04-06 12:13:10.381344
rRhzbPW3gzw,25,3,1,0,18,4440,2019-04-06 12:13:11.850063
Wfoy_OvNDvw,91,17,406,0,6417,500891,2019-04-06 12:13:13.024589
dcZY7uG-mn4,77,49,14,0,948,42177,2019-04-06 12:13:14.228266
lDyHwwSMRmM,33,8,2,0,74,356475,2019-04-06 12:13:15.618705
WG8JK-cPu-g,108,23,12,0,161,22944,2019-04-06 12:13:17.054871
SM1w9PEQOE8,408,92187,64089,0,2060546,135737724,2019-04-06 12:13:18.695101
SA7AIQw-7Ms,287,70048,82309,0,2790125,322899264,2019-04-06 12:13:19.975737
zJUtRGrvkqM,0,0,0,0,0,0,2019-04-06 12:13:21.460091
4WnizmrnJlk,0,0,0,0,0,0,2019-04-06 12:13:22.603073
gob0unzEdRw,373,5489,8968,0,31030,3772784,2019-04-06 12:13:23.742228
8kFnLQySIzU,353,2150,1743,0,22848,1694241,2019-04-06 12:13:25.321295
EKkzbbLYPuI,187,13609,7487,0,500052,26725982,2019-04-06 12:13:26.727134
bMrRN99DYKU,142,10869,5342,0,193533,8756825,2019-04-06 12:13:27.991256
817P8W8-mGE,260,72447,77171,0,1812657,200727965,2019-04-06 12:13:29.354059
0qpE8IHz3go,799,3358,1211,0,55365,2302158,2019-04-06 12:13:30.920167
2HboMs0vbsE,367,15643,6948,0,339711,9345621,2019-04-06 12:13:32.091749
Em9EI37Yy9g,573,2952,839,0,11842,1697290,2019-04-06 12:13:33.538883
e5N_Tq1EtRQ,53,1102,174,0,9855,1104291,2019-04-06 12:13:35.022512
tfaGleA4qYo,138,4407,2428,0,18277,2907031,2019-04-06 12:13:36.408394
OZqsFkJpvj0,335,1665,1270,0,77722,5337760,2019-04-06 12:13:37.646281
0KFC9dZ7bxU,216,4539,7863,0,32970,2454895,2019-04-06 12:13:39.210613
jLM2ibaRbrk,298,49454,7089,0,721440,18678213,2019-04-06 12:13:40.662562
wSwewlSkIXU,276,6621,6806,0,132759,19739274,2019-04-06 12:13:41.804675
44W9qstI8H8,253,2349,1131,0,45308,1458921,2019-04-06 12:13:43.337831
sYorT6jRNDc,273,851,873,0,1075,352645,2019-04-06 12:13:44.769460
fEskVQgtwaI,150,4338,2017,0,51419,8356047,2019-04-06 12:13:46.196316
tNla9nyRMmQ,342,14891,8497,0,71234,2929714,2019-04-06 12:13:47.370748
o7iL2KzDh38,184,29871,28156,0,1293663,187895401,2019-04-06 12:13:48.573552
aA6Z0x4rX30,447,1481,454,0,16225,743969,2019-04-06 12:13:49.728347
OrwBc6PwAcY,149,1462,360,0,31942,2079503,2019-04-06 12:13:50.931499
osc1DbNpNXE,218,281,612,0,10042,2282014,2019-04-06 12:13:52.184571
HaRpFCEWLE0,273,210,172,0,8276,452247,2019-04-06 12:13:53.888142
9fe3ECuYWlI,268,1456,855,0,9881,587835,2019-04-06 12:13:55.324332
K7NE3nfdkgg,0,0,0,0,0,0,2019-04-06 12:13:56.965571
eep4_0JaaG8,517,3420,305,0,25952,999693,2019-04-06 12:13:58.151911
7NcVNt7zQJM,220,502,646,0,13942,1486751,2019-04-06 12:13:59.795163
vOKOamXsXYE,296,2797,1398,0,70243,4353087,2019-04-06 12:14:00.983431
cIriwVhRPVA,245,20378,14252,0,498488,46027311,2019-04-06 12:14:02.231981
SYVSeH6sYYU,222,127,110,0,4628,457345,2019-04-06 12:14:03.802239
UKKYt6fWob8,671,4005,1067,0,5917,778197,2019-04-06 12:14:05.057186
EA5Tn5Gw_8s,235,291,150,0,5049,292135,2019-04-06 12:14:06.557442
jSh3FFKFH_g,204,3098,438,0,39573,1855054,2019-04-06 12:14:07.779818
VhexfxLPgTE,132,5336,1062,0,35077,2389171,2019-04-06 12:14:08.886233
J2kNt-PHayo,739,363,104,0,4554,144457,2019-04-06 12:14:10.379521
f2xPEy4PrmA,79,9,3,0,160,50365,2019-04-06 12:14:11.815818
51tc6o12uqA,480,2273,201,0,28334,1530186,2019-04-06 12:14:12.943687
oeAEuiovVbg,306,6037,1675,0,136711,10684973,2019-04-06 12:14:14.176859
gvZW4Lh-8Mc,82,59,15,0,691,223987,2019-04-06 12:14:15.770230
mGAdg2lB6nQ,144,3064,3384,0,17214,793511,2019-04-06 12:14:16.942709
be3BHwNi58A,616,331,146,0,648,88066,2019-04-06 12:14:18.116255
Fq0cNEAbsJE,0,0,0,0,0,0,2019-04-06 12:14:19.287842
qLoqdxFqT9A,0,0,0,0,0,0,2019-04-06 12:14:20.864715
eu6hJx1L9IU,261,20,10,0,125,12492,2019-04-06 12:14:22.037267
oX4YCoO6tK4,1352,18208,7280,0,103477,4639561,2019-04-06 12:14:23.338837
DQQN_79QrDY,603,13456,11676,0,163250,28163693,2019-04-06 12:14:24.750601
H9wMNxbQM-4,381,8230,10932,0,54666,6714604,2019-04-06 12:14:25.981749
GhcqN2FDAnA,79,4893,3822,0,6968,462538,2019-04-06 12:14:27.369910
8cpqLRC7T80,1454,4442,1150,0,83056,2383604,2019-04-06 12:14:29.085004
2iC9IGKIP50,232,850,231,0,13781,971912,2019-04-06 12:14:30.498264
hBvcngHRTFg,596,9582,3705,0,228993,8835413,2019-04-06 12:14:31.620719
h8hMvvP_Bdo,277,1489,745,0,45514,2392105,2019-04-06 12:14:32.795395
QF031DwMffQ,124,5113,1823,0,38733,2794733,2019-04-06 12:14:33.884428
SGKcrxK9hsg,0,0,0,0,0,0,2019-04-06 12:14:35.433534
Mqaobr6w6_I,665,1807,1278,0,49791,2024575,2019-04-06 12:14:36.653013
chFKDaZns6w,2385,12450,3648,0,33398,644688,2019-04-06 12:14:38.199526
-py2awmME8s,145,1708,889,0,35466,1961740,2019-04-06 12:14:39.739418
beUCw1VH11U,326,117,93,0,4150,105334,2019-04-06 12:14:41.266710
ElmsIGT85tI,214,5144,3571,0,110612,8284118,2019-04-06 12:14:42.427126
B9127l-xpdE,855,303,324,0,5320,1492598,2019-04-06 12:14:43.606693
hms9nX3RUdk,503,454,140,0,6652,138862,2019-04-06 12:14:44.968276
QUDYmBTrudU,73,993,823,0,21295,445651,2019-04-06 12:14:46.062989
uUEdjGTIB9Y,1042,811,202,0,21874,626614,2019-04-06 12:14:47.591978
WXyLdg4mJxo,242,21363,25478,0,1085886,172147097,2019-04-06 12:14:49.012908
Bju5Enu--80,312,1015,125,0,23384,323206,2019-04-06 12:14:50.232499
uLY6Nypmk1A,155,1111,642,0,15157,947620,2019-04-06 12:14:51.338522
lyavSkF30Rs,388,168,35,0,512,66054,2019-04-06 12:14:52.508146
k9oMv0JzCn8,250,165,111,0,3294,261612,2019-04-06 12:14:53.672909
8bKKVuZA0ys,318,198,116,0,2419,132336,2019-04-06 12:14:54.910880
RxzZ_OXQApM,42,16,3,0,320,19869,2019-04-06 12:14:56.026101
CVPp5FtQN8E,191,8,1,0,85,6850,2019-04-06 12:14:57.146418
BGtsTNCMrQI,26,2,0,0,5,2357,2019-04-06 12:14:58.269922
p7E8g-Ity0k,10175,2,12,0,70,4445,2019-04-06 12:14:59.381477
NyNtWpDnT0Y,0,0,0,0,0,0,2019-04-06 12:15:00.487273
_9YMpuLDnwo,1103,85212,283787,0,1429651,264659866,2019-04-06 12:15:01.593274
Z2Y8jGrkrDc,21,871,1221,0,21452,728803,2019-04-06 12:15:02.754238
e77J4g0LMOk,390,0,9761,0,407293,25349815,2019-04-06 12:15:03.944991
sW5HaEsnuMI,703,3482,2022,0,39646,2439822,2019-04-06 12:15:05.116396
bXYkU5u5pzg,27,284,416,0,1117,297693,2019-04-06 12:15:06.224701
spuXN0ccRQ8,662,3833,1588,0,27600,1544431,2019-04-06 12:15:07.350562
xejjA2AFO5I,45,1088,194,0,7279,978084,2019-04-06 12:15:08.464155
iMg9ibfcBnM,427,1186,1121,0,6098,269760,2019-04-06 12:15:09.569078
sxxJug2Ob_A,278,23500,29266,0,365749,17818431,2019-04-06 12:15:10.684281
AWtpYfjylCo,483,911,1167,0,12435,953401,2019-04-06 12:15:11.874156
Z48OG9917mg,160,1116,1258,0,31847,1124357,2019-04-06 12:15:12.980564
an6dsm86Kn4,993,6020,1746,0,41374,3224337,2019-04-06 12:15:14.093043
gkvhlo4a5iQ,369,3724,1060,0,35716,1530053,2019-04-06 12:15:15.198526
oFBuCp19L7M,372,2464,970,0,53522,3313579,2019-04-06 12:15:16.385654
EYLUUm9SLW0,972,1313,636,0,11618,365906,2019-04-06 12:15:17.555293
-rZkKvRZ0UE,61,206,84,0,1893,187351,2019-04-06 12:15:18.733650
MQSRmx9zS64,624,233,124,0,1998,114422,2019-04-06 12:15:19.912741
olOdCkYIsrA,161,3065,808,0,24983,1528929,2019-04-06 12:15:21.031532
uFUHjJQIC_4,721,1287,644,0,27702,1400280,2019-04-06 12:15:22.137127
aSO1gltbg0o,204,307,154,0,5309,941853,2019-04-06 12:15:23.249014
8IEvxQKzLyI,842,356,104,0,4905,109991,2019-04-06 12:15:24.397972
PWrsHhAuVZg,2989,426,72,0,1116,34208,2019-04-06 12:15:25.584073
qaivW5joQrk,363,0,345,0,2296,342545,2019-04-06 12:15:26.699093
SsmgtO1zAhg,107,446,428,0,3670,180515,2019-04-06 12:15:27.875599
cNrfQm9yG5o,229,719,83,0,3893,141375,2019-04-06 12:15:28.990686
wG7byaLSmFU,231,2224,205,0,15305,789882,2019-04-06 12:15:30.162194
-gfGtIHfU7A,297,864,516,0,17038,821364,2019-04-06 12:15:31.368993
1I0cUTXwr-k,412,2027,1080,0,12234,473981,2019-04-06 12:15:32.576064
GxLYCKB8v2w,255,225,100,0,5363,423606,2019-04-06 12:15:33.682671
GDUncuEErzQ,252,1,3,0,33,9479,2019-04-06 12:15:34.821189
J3IbiFCR-Xs,187,53,28,0,722,101023,2019-04-06 12:15:36.001245
5MtBgDVPtx0,167,15987,7484,0,272443,11362129,2019-04-06 12:15:37.238907
7uvxjNut1gk,0,0,0,0,0,0,2019-04-06 12:15:38.540130
Tn5OBFgiExQ,879,42,12,0,270,62256,2019-04-06 12:15:39.783062
JdrdNQfZoqs,57,6,1,0,110,6605,2019-04-06 12:15:40.936882
SxAp27sFaIM,287,51349,34714,0,628067,59295150,2019-04-06 12:15:42.115426
266EI7hdjFs,16,9749,5607,0,65337,8420005,2019-04-06 12:15:43.714569
c3BTGJgd8Wo,2390,3740,993,0,10986,1102380,2019-04-06 12:15:44.946842
me5ifeBFaFo,110,9853,6746,0,124095,11891219,2019-04-06 12:15:46.164532
-C5q3oir8gA,699,1941,1379,0,22708,1582915,2019-04-06 12:15:47.832855
X6iJ0hPpGec,502,11679,2595,0,143612,5714801,2019-04-06 12:15:48.991604
xl3HhY2BTuU,503,6891,984,0,15845,2308160,2019-04-06 12:15:50.125003
sjN-NGsRg9g,187,16409,4450,0,326507,24263014,2019-04-06 12:15:51.318294
1l26UFQ06eQ,200,21343,16124,0,149946,10364010,2019-04-06 12:15:52.534373
w4lcP5ZA4wg,103,7722,847,0,76997,4181467,2019-04-06 12:15:53.851174
92HCNclQOYo,112,433,262,0,10107,472934,2019-04-06 12:15:55.104005
a-4_6bThk2E,525,2940,1087,0,19254,991377,2019-04-06 12:15:56.531860
hRAGY4BaFQs,65,398,1348,0,673,209521,2019-04-06 12:15:57.765570
48qcnpCWBq0,179,25988,6710,0,562980,22948916,2019-04-06 12:15:59.267720
6wHVgiM0R54,241,4468,300,0,21631,624944,2019-04-06 12:16:00.843607
YF6xzqOfCD8,166,719,93,0,19612,360340,2019-04-06 12:16:02.032618
JR4oPuV3CWg,211,651,510,0,10907,451154,2019-04-06 12:16:03.625267
JgByDCdtNE8,384,1739,541,0,43464,2763661,2019-04-06 12:16:04.776306
l5S5DM564O8,3575,0,0,0,0,45231,2019-04-06 12:16:06.132739
bJNnsAmNoUc,211,160,230,0,2417,207976,2019-04-06 12:16:07.575504
3SlG3sE8Ytg,548,6305,581,0,54281,1435671,2019-04-06 12:16:08.977703
X212iTIMfYU,445,71,23,0,634,41667,2019-04-06 12:16:10.462973
76-ui4F8DJ0,1447,1827,257,0,2227,91111,2019-04-06 12:16:11.662194
6SevTnFTdpA,403,385,83,0,647,146045,2019-04-06 12:16:12.974664
A34O0pCAQ60,142,603,39,0,449,73782,2019-04-06 12:16:14.120691
OdpHOc7vqHA,1033,19138,3839,0,206002,9999439,2019-04-06 12:16:15.496780
0doVNhCyoA4,1443,0,23,0,168,23450,2019-04-06 12:16:16.777315
DgOUdtUlL24,664,9423,2807,0,370097,10695949,2019-04-06 12:16:18.066139
UpGPcHrVUZI,31,6,1,0,41,6939,2019-04-06 12:16:19.190699
eV6yLbWCMDU,211,1232,1165,0,38282,2344070,2019-04-06 12:16:20.488127
HVjlcUtuENM,324,5476,30886,0,24806,1660771,2019-04-06 12:16:21.893145
a33EuuqAP9U,800,1493,1962,0,13174,1587469,2019-04-06 12:16:23.191769
q_yzyuYDhVw,166,446,375,0,13793,695339,2019-04-06 12:16:24.289592
pKkZjjhPCQM,727,17635,9489,0,134608,8649611,2019-04-06 12:16:25.820397
a_iMlwkzwow,406,6031,1798,0,59329,2372012,2019-04-06 12:16:27.162949
dDAlGl_8f9U,259,3992,1037,0,33263,1715601,2019-04-06 12:16:28.444843
-RmUADCWI4A,701,40668,17032,0,571432,51854350,2019-04-06 12:16:29.975764
YvcIeSfaB3c,773,6579,3580,0,21909,2113045,2019-04-06 12:16:31.365060
qgTtyfgzGc0,45,1774,350,0,8141,869329,2019-04-06 12:16:32.631375
z1FfOwjlqxU,303,2963,1260,0,9582,1540972,2019-04-06 12:16:34.022058
KjICBHj1EzM,583,7159,2992,0,168457,14754720,2019-04-06 12:16:35.257428
k8RSetlPF04,1047,6765,3575,0,84596,2905898,2019-04-06 12:16:36.383025
BOZngVYS04s,241,27388,752,0,70216,1771897,2019-04-06 12:16:37.884207
mrORbZ2dS08,191,2868,2315,0,48307,3679371,2019-04-06 12:16:39.386694
dd3XfA4NVcQ,56,1648,409,0,4128,1677622,2019-04-06 12:16:40.854313
v_CMMWCN5nQ,426,549,404,0,24215,573925,2019-04-06 12:16:41.979824
AtbyHpFeVDI,431,721,363,0,27646,1840763,2019-04-06 12:16:43.372053
bqbWMgkvedI,1552,178,274,0,11362,388923,2019-04-06 12:16:44.902946
0ZAA9Y4F37I,106,246,480,0,289,53559,2019-04-06 12:16:46.339235
mNj27CgDAhQ,212,1398,514,0,11848,790280,2019-04-06 12:16:47.558681
U0Az4NHlzfc,138,10371,18074,0,129856,22130356,2019-04-06 12:16:48.980124
R8WBN3fJmwM,869,26922,2407,0,78388,4228870,2019-04-06 12:16:50.151820
blgS56pESPk,178,12072,1095,0,73394,2701935,2019-04-06 12:16:51.405813
BC19fhyTG_M,161,102645,17929,0,1011296,22248876,2019-04-06 12:16:52.523260
mIxlvVlOIS0,340,28452,17868,0,657535,54150205,2019-04-06 12:16:54.086926
84hXRY0uwQ0,1771,467,156,0,7249,601041,2019-04-06 12:16:55.620666
2v34qDKvLqM,315,409,125,0,7531,958435,2019-04-06 12:16:56.936641
032BPsxhreM,0,0,0,0,0,0,2019-04-06 12:16:58.233529
0v-6AylRH68,43,10826,9292,0,141035,4807841,2019-04-06 12:16:59.401950
xi8u9DcC0_Q,338,5077,1021,0,36909,1186834,2019-04-06 12:17:00.917998
u5Jw7D-c3II,542,336,129,0,6071,313405,2019-04-06 12:17:02.171626
OImHUNVLlco,121,158,95,0,135,13048,2019-04-06 12:17:03.626421
Gw-Mm-hS_UY,226,10150,1095,0,132955,2348509,2019-04-06 12:17:04.775636
Cfn25A6krNg,75,501,554,0,241,36799,2019-04-06 12:17:06.121764
kJ18whKduFo,619,261,175,0,2454,97771,2019-04-06 12:17:07.498581
oxSlLYC_Exw,222,121,113,0,6106,716201,2019-04-06 12:17:09.270548
VPJ7BcVsOUU,0,0,0,0,0,0,2019-04-06 12:17:10.818010
Sl-NvOZ23m8,466,1520,176,0,25339,226439,2019-04-06 12:17:11.958340
TzQe4sqjZT8,162,117,95,0,1254,254308,2019-04-06 12:17:13.287953
hKqzBGE5w-0,5402,106,169,0,1734,92531,2019-04-06 12:17:14.913438
AW9M7Cmzjj8,171,461,78,0,4335,150933,2019-04-06 12:17:16.504335
CRnCh-Y-kwM,56,0,11,0,77,18138,2019-04-06 12:17:18.004888
YF8415hDtEg,74,303,51,0,583,85608,2019-04-06 12:17:19.238078
Qh06wlg9RmU,197,987,280,0,29623,1034277,2019-04-06 12:17:20.425290
q6xkWA0Qi98,237,1062,247,0,32067,422441,2019-04-06 12:17:21.549675
J7BVU65c8AQ,395,1485,248,0,12883,383020,2019-04-06 12:17:22.678547
SiDhj1Vq-uQ,17134,74,41,0,564,89880,2019-04-06 12:17:24.302344
W_pH4u5-NhE,60,0,2,0,26,7642,2019-04-06 12:17:25.942480
nVHcXZK7pKs,493,41787,10092,0,748933,27820265,2019-04-06 12:17:27.336213
tfyNPxM-M-w,285,237,105,0,2358,209222,2019-04-06 12:17:28.633137
MDsJ9hheH30,85,88,13,0,276,76960,2019-04-06 12:17:29.899435
ajh-Gn-2wWo,47,163,76,0,387,69129,2019-04-06 12:17:31.132230
FlsCjmMhFmw,435,989400,2186480,0,4177702,222282466,2019-04-06 12:17:32.304992
Zh4c5IrllBg,714,11206,2913,0,125743,5331678,2019-04-06 12:17:33.647626
dUztYCMZYls,0,0,0,0,0,0,2019-04-06 12:17:35.122252
7Nv1KoqM6vc,231,4255,3547,0,71054,9034213,2019-04-06 12:17:36.249121
5ELQ6u_5YYM,0,0,0,0,0,0,2019-04-06 12:17:37.704352
QbDuBTWrU-o,344,18514,1635,0,122284,2058186,2019-04-06 12:17:39.051298
Bf22Vq5phKo,632,830,240,0,10880,939030,2019-04-06 12:17:40.441534
upzmEBwEtpo,427,483,92,0,3048,150381,2019-04-06 12:17:41.643525
qLVZiKDNxtw,148,721,779,0,5699,659322,2019-04-06 12:17:43.096303
KXRYlfjlFLk,227,568,500,0,6149,342995,2019-04-06 12:17:44.321030
GnevZOMl78I,202,2866,2225,0,82723,4755850,2019-04-06 12:17:45.443179
koUB3vl737c,1113,882,334,0,439,110632,2019-04-06 12:17:46.584020
5wKYV-9Tq1o,584,1592,255,0,21345,364319,2019-04-06 12:17:47.889029
aJ9XruZm_Hg,82,1225,1756,0,11894,454847,2019-04-06 12:17:49.359563
IEqj7xR9iOU,0,0,0,0,0,0,2019-04-06 12:17:50.532928
5Kk5QxB9lWk,188,992,332,0,32241,9462430,2019-04-06 12:17:51.662570
6mDsa-AqNcQ,763,16536,7642,0,71169,4668980,2019-04-06 12:17:52.847758
UZf9m_x7o88,433,381,34,0,246,62225,2019-04-06 12:17:54.091570
Xpw0ts8RTfk,1929,299,70,0,1333,60784,2019-04-06 12:17:55.643593
0lXX3dJUAGY,305,2698,1393,0,36813,1198714,2019-04-06 12:17:56.891386
t9JlSrTH9r0,3090,661,134,0,2229,66205,2019-04-06 12:17:58.209173
6bJRu0_p-Ig,240,1048,89,0,1196,250185,2019-04-06 12:17:59.657189
Hi91aDmYI2E,108,730,294,0,1017,172998,2019-04-06 12:18:00.839067
XSP5yHZN1I4,228,1305,147,0,16630,1583061,2019-04-06 12:18:02.039532
h4kv0iKgiks,574,6,23,0,47,20512,2019-04-06 12:18:03.355856
j5cSKF5FzD0,231,170,14,0,748,51028,2019-04-06 12:18:04.690102
QA2fKoT6Sig,87,190,42,0,2600,98898,2019-04-06 12:18:05.813176
mG9kK9TgxkQ,41,42,54,0,491,128040,2019-04-06 12:18:07.041770
1qKBNKtzTWg,0,0,0,0,0,0,2019-04-06 12:18:08.234106
PgpOosts_Ms,159,37,3,0,542,28482,2019-04-06 12:18:09.584821
3Xb3eOH4PMA,410,0,145,0,8041,502830,2019-04-06 12:18:11.085706
smRlXuBcp3c,115,4,2,0,68,26874,2019-04-06 12:18:12.336072
AgrK2P3Ruug,292,15,3,0,358,37083,2019-04-06 12:18:13.867295
D8PXRnN0KPU,487,64,14,0,363,27345,2019-04-06 12:18:15.416922
I_puTos3yVs,155,31,4,0,32,1490,2019-04-06 12:18:16.947799
BPmgDhwbd1w,378,49,6,0,263,12934,2019-04-06 12:18:18.498649
__4c1JCHvaQ,1282,27172,5456,0,339350,9660492,2019-04-06 12:18:20.127102
sFMehG2tDcA,37,6380,1214,0,21784,1040797,2019-04-06 12:18:21.393317
Hlch9lKAeXo,733,4480,1486,0,30409,1245902,2019-04-06 12:18:22.533367
kl39KHS07Xc,606,38279,14022,0,210093,4626013,2019-04-06 12:18:23.705262
_72fqgEevOo,362,1310,2981,0,8498,759798,2019-04-06 12:18:24.939473
r8FQ5wUYm9c,97,5369,1614,0,104346,4018367,2019-04-06 12:18:26.142165
48pP0WFjuOE,504,4332,1090,0,129465,6258872,2019-04-06 12:18:27.518023
8mQelXnPxUQ,520,2427,2677,0,32151,1316554,2019-04-06 12:18:28.810810
ceJcHUoO734,0,0,0,0,0,0,2019-04-06 12:18:30.344636
IfYRzxeMdGs,530,13377,11897,0,70195,2277912,2019-04-06 12:18:31.448805
iU4J2FF23Do,38,590,3093,0,4106,607210,2019-04-06 12:18:32.643119
bg7RjxsghNY,216,32389,8143,0,579814,35455919,2019-04-06 12:18:34.236569
VRiJHZU0Fxg,422,3949,1645,0,55703,2653513,2019-04-06 12:18:35.458957
oYL6kldXWkg,928,0,939,0,29871,622061,2019-04-06 12:18:36.984477
Ps-nEyvsCKY,503,2174,1724,0,42685,3426752,2019-04-06 12:18:38.594867
mkpINSUnDpA,364,17667,3153,0,131731,14458335,2019-04-06 12:18:40.235019
9U9N7U2XdcI,502,352,132,0,4215,282668,2019-04-06 12:18:41.471907
Lx_rI8ACqsc,0,0,0,0,0,0,2019-04-06 12:18:42.768173
GP0uH-PaE_E,413,141,68,0,3614,101645,2019-04-06 12:18:44.206508
mv73u5qHf08,0,0,0,0,0,0,2019-04-06 12:18:45.589999
yyr51Kznab4,0,0,0,0,0,0,2019-04-06 12:18:47.007281
jgvQzWAhoiw,1100,432,1130,0,52008,1028173,2019-04-06 12:18:48.461650
ZZE1_maXiAI,0,0,0,0,0,0,2019-04-06 12:18:49.988796
PUvVjWR3zTQ,306,1228,626,0,19263,2286847,2019-04-06 12:18:51.381457
mebZJFd8_Vw,762,3407,830,0,31664,1059154,2019-04-06 12:18:52.592402
15aTCG3as6Q,632,4218,915,0,55836,1591142,2019-04-06 12:18:54.317122
9WwKW2wIU-k,29796,50,88,0,208,40772,2019-04-06 12:18:55.847067
rH_sH0jPVTg,320,189,260,0,384,52077,2019-04-06 12:18:56.986455
3yt4JsB9psg,620,976,1013,0,1961,174982,2019-04-06 12:18:58.251441
A_fUji0jTAE,276,730,283,0,4948,311401,2019-04-06 12:18:59.892025
uA8d1Y4K-2w,601,659,109,0,3525,308677,2019-04-06 12:19:01.217510
hNsd-m30m2E,420,3634,969,0,77577,1925222,2019-04-06 12:19:02.344269
BEcs3TL8DII,225,1934,590,0,2787,366913,2019-04-06 12:19:03.871675
LO0FwPXJbi0,661,1083,533,0,8819,444302,2019-04-06 12:19:05.254670
qoPCbB_uGMw,63,2612,2768,0,55429,9611596,2019-04-06 12:19:06.616217
zslYmBRhdOM,723,807,42,0,3904,42301,2019-04-06 12:19:07.936222
RggWMGU2iYw,34,68,126,0,456,120140,2019-04-06 12:19:09.152668
xkYpO9ATUT0,0,0,0,0,0,0,2019-04-06 12:19:10.725103
2sxuAm569IY,123,2392,1396,0,34352,3688194,2019-04-06 12:19:11.848241
AM1pavPRU8E,155,1499,658,0,33869,585822,2019-04-06 12:19:13.054769
R39-E3uG5J0,892,2766,172,0,23389,272298,2019-04-06 12:19:14.196021
l3f_1zEEnR0,159,3838,450,0,57740,1570037,2019-04-06 12:19:15.604258
KDPG0YEsD5Q,319,2016,253,0,62970,1502975,2019-04-06 12:19:16.760224
Rjv1NlMiUyI,220,1916,102,0,16738,266626,2019-04-06 12:19:18.245164
sciODVQP43w,75,1193,1671,0,22952,3771234,2019-04-06 12:19:19.512481
vgX5M1eVhyw,226,176,66,0,5665,222979,2019-04-06 12:19:20.965585
NbUtY1RVvn8,415,634,279,0,5505,104666,2019-04-06 12:19:22.152796
_h9EEni5rks,57,70,11,0,471,34753,2019-04-06 12:19:23.500114
tNOkWPYY8No,439,219,123,0,4678,185015,2019-04-06 12:19:24.956662
s3oogx4roPI,287,306,69,0,8016,86876,2019-04-06 12:19:26.307898
3L_a9HxXzS0,179,291,100,0,5877,189545,2019-04-06 12:19:27.634917
5wVnr3cahQg,805,615,130,0,4794,77106,2019-04-06 12:19:29.026511
_cn12TCA4SY,223,1333,637,0,29554,1841361,2019-04-06 12:19:30.627202
_0p3gPzPGNs,22,146,185,0,2897,614786,2019-04-06 12:19:31.732957
r04uNjeWHO0,94,260,22,0,3272,106979,2019-04-06 12:19:32.998793
Ux7f_eqeLYw,372,94,35,0,2197,38486,2019-04-06 12:19:34.121180
JP5BL-lCoQI,3328,465,79,0,1581,45757,2019-04-06 12:19:35.573271
w4n1XcBdwFk,573,0,2,0,25,5481,2019-04-06 12:19:36.977506
9bdXZzQvb0U,60,110,60,0,2906,478754,2019-04-06 12:19:38.235389
dYXaxeJBj5k,407,6021,11205,0,451209,18948213,2019-04-06 12:19:39.616911
GF_0i9WxA_s,542,6,3,0,29,1955,2019-04-06 12:19:41.121342
0jmDHoPUGKI,181,19,5,0,147,41486,2019-04-06 12:19:42.263473
GcbsIv3QdFs,278,7552,5011,0,60055,1468710,2019-04-06 12:19:43.658452
2b5C6Xp3pwA,826,1191,812,0,18660,3800571,2019-04-06 12:19:45.020352
kqWQFnH6h-E,403,50,5,0,30,5910,2019-04-06 12:19:46.537714
n1_Nx4OXnjU,796,45,5,0,39,7641,2019-04-06 12:19:47.970641
Yxv5EY-JwmU,57,7,5,0,105,14346,2019-04-06 12:19:49.417041
mlCflbej6EM,430,11889,2588,0,155712,1141739,2019-04-06 12:19:50.986037
9v_rtaye2yY,318,186425,196766,0,2696901,460158390,2019-04-06 12:19:52.158630
vn9mMeWcgoM,147,73402,34112,0,630814,62293689,2019-04-06 12:19:53.377067
JBDWIGpKnwM,840,12978,2631,0,187770,4267627,2019-04-06 12:19:54.545923
aj8mN_7Apcw,116,14821,9015,0,71476,8605987,2019-04-06 12:19:55.683477
Bs5Ml7_2wT0,11956,1808,1751,0,28730,1610283,2019-04-06 12:19:56.865914
iGXYZwZEZa0,426,32572,28073,0,178835,25375918,2019-04-06 12:19:58.031058
NyNQLRhsAsk,0,0,0,0,0,0,2019-04-06 12:19:59.456780
dyBFAX4SDEc,157,7510,1204,0,54450,2451563,2019-04-06 12:20:00.936760
vW7H-DKivX8,857,5985,2299,0,159015,7742193,2019-04-06 12:20:02.100332
56KYMMGudcU,372,96821,52735,0,458491,21567514,2019-04-06 12:20:03.599407
hjZJaf6FbOw,479,500,368,0,19119,2109817,2019-04-06 12:20:04.975633
EZSCtgfmEO0,389,12939,2976,0,68652,4815552,2019-04-06 12:20:06.482575
oXE-ssvbhQA,1783,263,724,0,71080,1550485,2019-04-06 12:20:07.949165
eYJCjVkOImU,203,5803,3123,0,171081,17901923,2019-04-06 12:20:09.107405
jibff9m0SjQ,436,505,430,0,19873,1220832,2019-04-06 12:20:10.642774
bye513KciIk,206,370,686,0,9116,1338396,2019-04-06 12:20:11.768545
bPj2fbz0ZgA,571,440,252,0,6368,506114,2019-04-06 12:20:12.925007
OVa-sqcDYZ4,1614,4172,504,0,24008,674734,2019-04-06 12:20:14.063314
inZzcTXYowY,202,49714,6354,0,728488,18580417,2019-04-06 12:20:15.451480
6TOSV3-7hzU,82,892,411,0,13150,896762,2019-04-06 12:20:16.699368
2jhwGiO5XJ8,376,0,215,0,727,133621,2019-04-06 12:20:18.307693
Sqbv7cCM5AI,225,3520,2374,0,41603,2455335,2019-04-06 12:20:19.578835
hpvDsw1D29w,62,37,48,0,446,83235,2019-04-06 12:20:20.846319
oOAohDViea4,0,0,0,0,0,0,2019-04-06 12:20:22.059919
8KaKWPJq5dY,1194,9361,402,0,112926,1484516,2019-04-06 12:20:23.265994
5Ad2pIlg3Dk,68,6645,6397,0,3784,336955,2019-04-06 12:20:24.852752
HKIIgYFhQlE,206,5019,3325,0,208224,14177922,2019-04-06 12:20:26.421279
h8Q3IhUwX_4,185,4905,618,0,105665,3814489,2019-04-06 12:20:27.542623
MUB-h2NeQYA,168,662,392,0,10677,564653,2019-04-06 12:20:28.761281
2E_HEeOpiEA,1209,105150,2244,0,94746,2129661,2019-04-06 12:20:30.459179
d9h_qtOoFnA,234,2517,496,0,39211,724130,2019-04-06 12:20:31.590324
fd7M_5xW0SI,208,5808,3417,0,148324,6379102,2019-04-06 12:20:32.810236
2jP6MFBXFaA,363,762,321,0,12654,883998,2019-04-06 12:20:34.184623
ixMqVcjsSVM,1666,1546,138,0,7004,341285,2019-04-06 12:20:35.616058
p4qyWei8Kmo,4642,91,67,0,70,17202,2019-04-06 12:20:37.138057
xlQLyAOQXjQ,1503,5809,1692,0,50032,1737972,2019-04-06 12:20:38.572065
3IdqPpwSE2g,0,0,0,0,0,0,2019-04-06 12:20:40.085154
oKeF7K2VZtQ,3675,472,41,0,4525,140233,2019-04-06 12:20:41.515924
jXoDKhdUvFo,298,534,317,0,8562,454444,2019-04-06 12:20:43.156161
exQ2u3qSfrM,207,1081,135,0,21372,611139,2019-04-06 12:20:44.683570
VFreC_yfQqs,79,5,3,0,8,3354,2019-04-06 12:20:46.159384
Wff1pf2EdS4,194,4368,507,0,74882,867371,2019-04-06 12:20:47.342532
sZWmwHjFRPI,236,1364,849,0,36605,1856240,2019-04-06 12:20:48.733949
Nl6YEW1s7x8,205,1585,2650,0,18442,1157925,2019-04-06 12:20:49.905211
MkR8GY2YBAU,302,961,2131,0,3944,216456,2019-04-06 12:20:51.067020
LiXQFixzqJ4,214,310,24,0,2367,162622,2019-04-06 12:20:52.271753
gd5a6LUuU-w,211,558,59,0,8537,166642,2019-04-06 12:20:53.577966
vOEaiQ2d6Mo,267,241,111,0,14045,485587,2019-04-06 12:20:55.034604
8Jmd7-1quDM,814,1317,138,0,43964,699553,2019-04-06 12:20:56.486948
VKY5Ws1Ys1w,579,63,20,0,676,81121,2019-04-06 12:20:57.610453
l35LGiJmXNs,78,1019,203,0,764,177101,2019-04-06 12:20:58.943059
PXWlnc-Qcwg,37,7,0,0,26,5912,2019-04-06 12:21:00.259544
fuHcdFPBKy0,770,12545,23101,0,120662,10795320,2019-04-06 12:21:01.441373
QK_iX5cPDhE,0,0,0,0,0,0,2019-04-06 12:21:02.717545
6i2cebTn0nc,1013,17889,2811,0,139999,4953815,2019-04-06 12:21:04.298217
00nmxR1mxIA,392,1444,1355,0,18921,1308072,2019-04-06 12:21:05.419766
bo8OYPYRTIY,359,4363,905,0,62858,1979298,2019-04-06 12:21:07.073796
Ub53c95Soqk,363,713,183,0,9397,695685,2019-04-06 12:21:08.264059
ZYCDNf1a-kY,291,563,195,0,7424,901060,2019-04-06 12:21:09.668570
uwUchGQRXKM,936,2273,761,0,32429,868654,2019-04-06 12:21:11.196458
Zi9MkiQzl20,119,173,218,0,3425,423315,2019-04-06 12:21:12.342102
H4CkXh3FSo8,243,2033,1496,0,25323,664340,2019-04-06 12:21:13.836639
aphpJi5jKrM,319,5245,4107,0,33998,1379248,2019-04-06 12:21:15.353409
Y26pMy4jf8U,575,25644,4176,0,144763,2655862,2019-04-06 12:21:16.703371
fJJBAwiOjRI,881,3653,338,0,11302,194055,2019-04-06 12:21:18.196394
RdAKIVgTKuw,91,331,160,0,8487,473313,2019-04-06 12:21:19.464255
MtFjRvKfv70,1396,144,65,0,1606,128777,2019-04-06 12:21:20.944117
ySBjb4_JGtY,283,209,70,0,6539,158940,2019-04-06 12:21:22.173863
mQ8sFRuDyiU,41,216,130,0,5606,281321,2019-04-06 12:21:23.517566
37xIzAWyO8I,990,744,87,0,5260,112087,2019-04-06 12:21:24.767264
a9B4AgwYG4E,394,2114,1334,0,52834,999137,2019-04-06 12:21:25.907102
O3bqhRN2thM,712,144,35,0,2247,47738,2019-04-06 12:21:27.080410
upC36TCNXvg,408,52,46,0,659,10622,2019-04-06 12:21:28.241916
30TkClWvT5k,219,749,1468,0,25354,12177005,2019-04-06 12:21:29.929169
q6xYUHb4B1k,654,1458,174,0,12911,168768,2019-04-06 12:21:31.219231
YPHDFdk_BW8,92,26,21,0,14,7411,2019-04-06 12:21:32.377939
cSp1dM2Vj48,146,47804,14296,0,261878,29368249,2019-04-06 12:21:33.946725
A8HLnDP6uRM,369,4113,5554,0,37466,4462117,2019-04-06 12:21:35.507062
S-4rhjO6xYg,1086,43554,6855,0,455734,14547863,2019-04-06 12:21:36.940691
ZWAkzvL5Ho4,18,4302,6650,0,26218,1679725,2019-04-06 12:21:38.289307
Ep6-bNu16_I,1033,34325,2764,0,192775,5898953,2019-04-06 12:21:39.588485
UVNIEszp2UQ,5075,1669,907,0,16281,990110,2019-04-06 12:21:41.219333
X3gKYTc6lbw,252,7777,1477,0,80346,2288670,2019-04-06 12:21:42.360046
1bSDtlARvPI,277,1559,819,0,20767,1128117,2019-04-06 12:21:43.858767
oiC_HG3u-nk,59,6624,3824,0,8656,1674427,2019-04-06 12:21:45.264432
UAJDrWVyOoA,225,2830,1094,0,42794,1388112,2019-04-06 12:21:46.648836
ta6sV6WrElE,792,23663,3407,0,248109,9887239,2019-04-06 12:21:48.116421
QsLmJq8cHlA,90,1370,1203,0,48111,1471770,2019-04-06 12:21:49.883286
K7XsnDRtAcw,104,440,191,0,16877,745186,2019-04-06 12:21:51.338396
Zzi4EQKBbOY,149,526,220,0,7597,293604,2019-04-06 12:21:52.926040
vglAsbxMX_Q,400,3033,993,0,56439,984093,2019-04-06 12:21:54.521634
RUbWdNGaYEg,51,281,52,0,253,48469,2019-04-06 12:21:56.140159
8H0alk0e0tg,4042,576,104,0,1486,50100,2019-04-06 12:21:57.611557
zYlW81GZYug,270,16744,4828,0,444299,11972962,2019-04-06 12:21:59.035633
OPbtnEXZ1H0,512,1666,477,0,27923,1853346,2019-04-06 12:22:00.388766
S7kG641iA_g,228,953,232,0,15480,752221,2019-04-06 12:22:01.515618
WmNGq56WMLE,157,186,34,0,348,32953,2019-04-06 12:22:02.655672
r3d2alzgjKc,11,4,2,0,15,2621,2019-04-06 12:22:04.150348
dw74T9x6lDE,472,256,84,0,3005,54137,2019-04-06 12:22:05.543466
1yf8ZSjtXiI,254,49,21,0,433,31355,2019-04-06 12:22:06.925364
QOdVw75Vbv4,367,9,1,0,96,8094,2019-04-06 12:22:08.219808
tvs3yvEcARA,585,731,112,0,8478,460770,2019-04-06 12:22:09.681483
GkgkP0ARxd0,338,600,528,0,8389,481008,2019-04-06 12:22:10.875992
JlcJaCS4BPM,525,156,72,0,322,38313,2019-04-06 12:22:12.023425
KUSc7aScV9w,239,145,193,0,2633,140662,2019-04-06 12:22:13.213851
r4VJ8o6yqzM,475,8864,5914,0,77646,4945569,2019-04-06 12:22:14.494858
t5Lz14wu1uw,28,7393,11732,0,147326,11400538,2019-04-06 12:22:16.087340
khPLWaBioOs,177,280710,236733,0,1511060,73777263,2019-04-06 12:22:17.597069
UH0nTHb6OdY,626,25801,8007,0,223348,11570935,2019-04-06 12:22:18.708811
t5_dSCu_mLY,356,244470,12438,0,760659,11435280,2019-04-06 12:22:19.992250
-oOlAGKBXnA,27,3770,3756,0,114744,3437971,2019-04-06 12:22:21.356100
1HJkmKODN4Y,102,1908,468,0,2488,579589,2019-04-06 12:22:22.615594
3UoKswz6OQc,101,4880,1164,0,5874,609390,2019-04-06 12:22:24.094249
2QHltvwTjSk,274,1040,299,0,1206,330916,2019-04-06 12:22:25.668516
yqulWPljawo,278,6808,5196,0,124246,5253144,2019-04-06 12:22:27.252448
IXJhN4cOVM0,153,1260,1500,0,2516,215934,2019-04-06 12:22:28.852497
5beh5ztM0K8,0,0,0,0,0,0,2019-04-06 12:22:30.264402
-o7zywbiFVI,64,534,412,0,524,98492,2019-04-06 12:22:31.663047
_JhaVNJb3ag,83,9751,3753,0,22685,1979583,2019-04-06 12:22:32.856416
2yCp-Dj5-7c,74,137,141,0,1667,390335,2019-04-06 12:22:34.349507
N4LQuwSjc34,1818,0,1547,0,829,68546,2019-04-06 12:22:35.869635
oKuPJ7zF0_k,66,0,79,0,3692,277473,2019-04-06 12:22:37.437515
fO8pPjlFtNw,608,1924,396,0,29178,923209,2019-04-06 12:22:38.821421
_ASpoeFRTZ0,199,3860,593,0,23084,1139423,2019-04-06 12:22:40.351844
8dsf7S5GO1U,305,178,166,0,3388,246729,2019-04-06 12:22:41.915758
FO_Ox_dH0M8,245,844,300,0,19098,669389,2019-04-06 12:22:43.524138
XiIShINrftE,293,7423,9839,0,132850,7854346,2019-04-06 12:22:45.092125
ii3n7hYQOl4,83,38784,17947,0,248552,15817385,2019-04-06 12:22:46.372406
zIiIcjfA2-I,32595,117,77,0,939,172600,2019-04-06 12:22:47.824968
lzuWvKn80V8,273,2182,607,0,33762,485045,2019-04-06 12:22:49.150730
AzLYMcneJMU,14022,266,110,0,327,98664,2019-04-06 12:22:50.747130
RiVuoe-jaE0,59,185,121,0,124,29981,2019-04-06 12:22:51.888603
TM8hwHtWSJg,1539,538,502,0,3324,116453,2019-04-06 12:22:53.051773
AeB90B9__xM,85,267,111,0,6201,617167,2019-04-06 12:22:54.192014
3A-3NaPA3QU,665,246,85,0,3521,133383,2019-04-06 12:22:55.333262
qE7psdp1jVE,733,2981,590,0,47602,1149835,2019-04-06 12:22:56.509069
30UjfElERlc,65,180,316,0,127,7018,2019-04-06 12:22:57.626210
LTWh-i-iJqM,3376,435,239,0,3340,113236,2019-04-06 12:22:59.045475
agOq6iS4aVw,743,909,304,0,704,69777,2019-04-06 12:23:00.311824
Ali918UJSpU,2405,799,253,0,5991,177664,2019-04-06 12:23:01.537209
wJ5bOg46D7Y,462,230,49,0,2364,52876,2019-04-06 12:23:02.829528
vfqeeScKVyc,606,669,248,0,7103,246339,2019-04-06 12:23:04.313577
cON3fiEm3Lc,456,931,870,0,22424,1261528,2019-04-06 12:23:05.830850
6P6Ia5Qj9W0,160,660,261,0,4818,131505,2019-04-06 12:23:07.254445
xp0m08eOD5U,235,713,653,0,19386,1324334,2019-04-06 12:23:08.502952
o8m2kXgCIMc,252,265,287,0,6810,360236,2019-04-06 12:23:09.877545
exGGotfSuH0,98,306,17,0,3570,96246,2019-04-06 12:23:11.344724
ZKUerb6IH4Y,794,162,171,0,4389,120059,2019-04-06 12:23:12.470776
23QOy9Q2qNI,193,1318,1200,0,43302,6378408,2019-04-06 12:23:14.045097
tRbHXZvVMbM,45,6,1,0,21,2018,2019-04-06 12:23:15.405457
DUYa7rjRz0s,241,1386,205,0,14626,282636,2019-04-06 12:23:16.780011
bo7cX6kCM2A,113,38,12,0,255,14558,2019-04-06 12:23:18.281676
j28Gt5_Mlo8,24,5,2,0,84,10482,2019-04-06 12:23:19.532257
1ZqFDsq09H8,1030,2461,1918,0,27015,1799104,2019-04-06 12:23:20.938164
tFUKsthR-Ts,143,410,122,0,9510,791765,2019-04-06 12:23:22.097465
kuTBea8_-LY,153,2032,1564,0,9689,6134747,2019-04-06 12:23:23.364567
r5w4y6GW4U8,0,0,0,0,0,0,2019-04-06 12:23:24.536292
9U2kr_QfhoQ,236,23,82,0,323,54859,2019-04-06 12:23:26.114137
SI1J2bbbOt4,246,16099,1693,0,51948,3004336,2019-04-06 12:23:27.457499
HDDIWGlBt3o,817,12643,3023,0,101405,1605146,2019-04-06 12:23:28.940618
8oKl_qDJHt4,235,4578,3310,0,65075,2119263,2019-04-06 12:23:30.349806
fOhB5JyEkOQ,505,5579,3709,0,89709,3812925,2019-04-06 12:23:31.474916
GSCP2yg-v2g,1050,12065,4820,0,67604,3389712,2019-04-06 12:23:32.836637
a7NJ6Gek9v4,533,30215,23561,0,590393,34075720,2019-04-06 12:23:34.376563
lYEj9snU838,207,9802,19891,0,11053,1771023,2019-04-06 12:23:35.829396
0vKkwJwL77Y,302,4986,2181,0,46073,2440081,2019-04-06 12:23:37.265261
ZnQGzfrEpsc,260,1074,535,0,42794,2036405,2019-04-06 12:23:38.641250
2GrKY7Qqal8,448,1082,753,0,16441,2284180,2019-04-06 12:23:40.108492
JiOXpKU7tWc,233,971,291,0,14737,271966,2019-04-06 12:23:41.626217
8qL4lMQQ9IE,652,14857,8180,0,41136,1278847,2019-04-06 12:23:43.019988
xNvlaa5-vtI,232,827,489,0,59186,3605537,2019-04-06 12:23:44.383292
9OeZYhjyweQ,156,588,706,0,21289,759409,2019-04-06 12:23:46.079308
j7RZy2B73hw,623,5946,962,0,15979,2003648,2019-04-06 12:23:47.220412
YlpXoQEqBWI,1400,6902,709,0,23908,1157549,2019-04-06 12:23:48.814561
Y62ExbHI4Yk,397,1993,1158,0,12411,616798,2019-04-06 12:23:50.003080
h-h5Mhlt6O0,428,8629,2453,0,89855,2301568,2019-04-06 12:23:51.333979
